Sample,bcell,bglu,bxyl,lap,nag,phos
AS1,1165.782659,4007.414078,141.307203,7.12288388,1282.843084,3248.523862
AS100,777.6919955,2463.088342,112.9118737,16.55788216,804.9337369,1681.889587
AS101,0,2836.656527,164.3318592,67.89052579,1141.959358,3179.114056
AS103,115.9165096,1157.27873,105.3079511,62.56884684,648.7781002,2172.785574
AS104,992.1078982,3116.120274,181.8806849,17.01612387,788.8460044,1729.209241
AS108,428.1253225,920.1281721,74.66651965,-12.78813461,452.1032275,1144.442569
AS11,294.6409307,1864.992099,96.44980475,17.21004515,2836.833673,2457.51291
AS111,1935.56387,6304.658497,272.3434648,0,,5077.979972
AS112,1486.199996,5335.701769,182.7125369,16.19493023,1828.311706,4518.880629
AS113,258.7141437,872.9310057,75.43010177,104.4369828,692.4473748,1944.982714
AS114,1604.04043,5845.789077,254.195211,113.9535924,4003.375683,2082.218227
AS115,442.0843176,2084.69268,83.69707431,12.50090918,1500.373019,1717.033376
AS117,777.8426136,3123.897756,111.0868564,29.82534276,2129.797477,12543.62034
AS118,1432.376293,4769.18772,301.3235706,40.10664535,2937.549987,3000.972538
AS12,6588.687743,44445.49485,901.085476,277.6872723,7559.942367,
AS123,912.8551789,4815.015094,158.2819445,-37.38501595,1981.627781,3517.010099
AS124,1593.848148,3354.657195,209.2781702,25.31490345,1784.256421,
AS126,446.3397649,1874.727627,90.8361888,31.90738326,142.9526205,1861.774262
AS127,635.4589767,1814.599017,130.6394756,21.41173569,725.8908076,1960.599787
AS128,467.3232229,3153.78865,112.0281639,28.88034822,650.0272752,2519.144426
AS129,518.8956096,1570.626607,127.122329,-139.4692942,1340.319472,2916.958838
AS13,304.8529052,1383.466699,65.75898913,7.117543096,485.2275249,1317.289578
AS130,1048.862882,5290.020022,199.8735804,46.81531914,1807.643079,3026.373124
AS131,195.9811415,1332.598449,43.72804375,0.873510141,285.719387,342.6056365
AS132,1455.23836,4713.211074,200.5619335,61.81571672,1468.687424,6749.180591
AS133,2335.115543,9790.30113,298.7231002,62.15751211,2317.590163,10778.82874
AS134,1025.5351,4371.545818,179.4584661,95.70300429,2331.076615,5609.193406
AS138,379.4814311,3750.646259,231.5759466,33.42813033,1232.499857,3448.863307
AS14,1791.270178,6771.63691,258.0524745,8.428515388,2310.059421,7477.955702
AS140,1142.070748,2611.912123,293.0179906,41.36814151,1762.107893,2392.229132
AS141,991.8781892,2990.272982,105.7689133,11.72110111,1390.618726,2091.976786
AS143,918.0456429,3533.33184,149.4733387,-0.367711776,1168.357914,11395.76534
AS144,187.8220662,1308.566599,61.26311399,-0.694710802,491.9085515,654.4219512
AS145,416.3021151,1239.063858,72.18598977,53.55310613,807.6692875,2328.204868
AS146,1462.106117,5223.90492,206.5492104,6.982241646,2421.184674,3598.251337
AS147,-328.4291046,4475.998875,212.1934482,5.935732636,1250.262922,3516.908757
AS148,223.3181951,1120.849263,108.6989294,38.40223936,658.6089344,1439.052863
AS15,,1061.130355,24.91565581,29.11948868,443.1530069,626.7780918
AS151,0,8849.130465,240.2254736,160.0048638,1895.087037,5235.642034
AS152,217.1280699,1137.373788,94.02333928,18.50407688,329.0304919,1675.04592
AS153,5245.969983,22679.81696,1044.550874,279.6033668,6055.639208,17056.78
AS154,505.9868768,1806.093115,131.4446049,57.29613577,765.4075076,3718.837441
AS155,82.41916132,725.9034998,30.85093,15.26221939,314.2284733,963.4510133
AS156,6249.097722,32949.71235,951.0440918,323.0851195,5757.560521,30378.4863
AS157,463.4651623,2335.581124,147.7579691,35.27561284,1662.983003,2718.320121
AS158,363.2043156,2334.529298,97.52402599,-1.648076512,698.7507904,1948.567118
AS159,250.949333,1459.180913,61.90376527,-36.68195541,623.490839,1683.190016
AS16,1504.824382,7068.579584,189.07911,-137.8756853,3881.630642,9747.774593
AS160,251.3156003,768.9754811,47.78386253,-12.07351115,201.0287956,647.5610262
AS162,,963.716239,23.52195317,30.68051788,440.0989628,707.5341627
AS163,1449.116731,5564.956339,175.1193876,-8.387812785,1750.572406,4658.093351
AS164,1198.753346,4983.217792,245.6600882,36.13158761,624.4682984,1672.451901
AS165,239.7034671,1016.621323,91.95829302,13.4668897,376.9809244,1072.922471
AS166,479.54978,4671.797815,104.7173947,68.87749848,1300.363563,2945.016264
AS167,456.7736185,3391.069292,194.3662992,25.73175343,843.4405708,2687.190127
AS168,330.1472075,1268.305415,58.70845268,33.08840452,640.3057592,766.2915853
AS170,1365.904712,5657.509397,211.6036855,23.55110216,1836.622267,4323.362762
AS171,1324.464452,5106.631675,145.6744599,18.55042469,1879.652667,3134.44073
AS172,674.0770512,2718.062724,108.0670027,5.463677964,1413.26058,1433.158286
AS173,181.5994342,1213.026962,70.48835563,19.50087204,763.5725651,549.7032099
AS174,317.527411,1045.12547,36.63365634,11.42469697,235.1622272,573.4202685
AS175,3449.147956,12933.27661,449.8772432,24.43390124,3810.322375,9230.38988
AS176,854.0373608,3997.677363,131.9050672,12.83570406,1327.845375,3174.229884
AS177,381.7693858,1650.556164,71.27398626,-19.14652453,642.7645034,1570.320835
AS178,2485.461022,7969.014478,260.6726224,25.82686698,3211.138273,8498.034539
AS18,394.49163,1466.11011,72.0639574,-5.400542647,593.6704411,1199.986443
AS180,,3718.054595,327.5004085,25.71051802,1207.603418,756.1600332
AS182,487.6255515,1453.333952,61.93041811,42.02854198,605.2259903,1990.505907
AS183,518.156989,2106.011292,100.752707,48.23255821,447.9883507,1666.533931
AS184,3448.347975,13844.32023,540.7066442,60.02922009,3308.587715,6079.25588
AS185,1812.768401,9304.111624,337.449605,-172.972183,,7393.083308
AS187,3916.206078,9825.742033,414.7294109,47.17533099,4979.063606,4152.152584
AS188,1602.40938,9710.126751,327.751546,46.50680076,1545.960541,6859.667876
AS19,216.013065,1437.257757,43.20153749,34.52755259,6624.931138,1383.154634
AS190,52.16791069,601.8560679,31.17073735,27.25692544,192.267675,183.4654364
AS191,347.476357,1305.931684,92.24144858,13.44343465,356.83919,2644.531759
AS194,1045.726371,2103.276553,90.09090067,22.92805048,418.7247903,1018.138632
AS195,2423.624192,8585.990789,454.0985725,77.11876297,4349.691205,5790.385076
AS196,126.3517175,1162.896952,63.75584794,21.20259008,436.7456521,2438.876586
AS197,,13797.02613,636.9710751,-19.49455356,3406.257112,10449.25813
AS198,833.109084,3443.031127,151.6456125,-8.539509265,2563.232676,3786.209424
AS20,1866.080935,5882.343014,274.3254733,42.05803034,1866.617826,7710.043894
AS200,663.4916409,3402.994744,218.7708412,35.37417615,1498.832803,3366.046117
AS201,183.0582295,878.5908489,47.78606954,12.10409327,379.4621477,1041.290715
AS204,1939.462242,14814.9364,341.3121439,-15.96932316,2778.443614,10825.72701
AS21,1165.070452,3917.87864,153.6556344,73.4374129,923.258311,1462.569072
AS22,529.6284922,2035.036173,106.1434817,9.48983841,894.3392683,2299.842012
AS23,309.7062676,2444.073902,113.6605384,21.94145421,276331.0185,2198.043741
AS24,1279.060697,4963.24827,221.1864245,-21.55925746,1543.35885,9028.708574
AS26,2611.299867,7575.164437,252.4733227,40.96202207,3538.007421,2945.321244
AS27,1113.772906,4537.121805,222.4545754,105.2444297,1944.783416,2594.445962
AS28,984.6891371,3659.178643,67.95529889,34.05151065,900.2903966,2496.351679
AS29,272.7316445,1076.869925,76.20443665,22.07364437,1208.142226,1193.341926
AS31,2171.565784,8202.888009,357.6016689,-27.55506428,5539.643855,12644.82555
AS32,816.2620558,3452.646982,226.9385603,-10.9966948,1637.313718,3234.524792
AS33,487.932727,2590.271301,112.2635076,0,687.0092796,1905.241705
AS34,383.7318324,3279.655419,65.34083838,4.95475213,803.824112,805.0260828
AS35,3197.128742,13359.76127,534.1300307,77.78703416,6378.010455,17788.89295
AS36,372.8828398,2098.080594,69.0437325,33.73798773,975.9442135,1840.058722
AS37,477.2483651,2649.066412,55.24650253,56.30130942,642.0269053,1684.404155
AS39,1216.186414,5080.280196,136.6308561,52.74475253,1226.458204,9807.420555
AS4,2254.619111,8541.511459,261.418772,16.69708343,3667.345626,6416.42358
AS40,1287.320887,4161.617118,260.6147602,34.57470349,2142.44573,4164.17969
AS41,4053.435258,12033.65233,524.2305461,-178.7945737,6595.49666,9983.302081
AS43,710.5885107,2340.825316,156.833478,-7.641240849,537.7409517,3329.749303
AS45,1014.784493,3847.936746,198.2084948,73.27003624,1898.168707,2063.147461
AS46,550.1954843,2204.786509,147.6837539,35.80145825,830.1983473,2555.443254
AS48,2118.512433,5721.985782,402.4327819,47.79396704,1622.177143,11092.83654
AS49,3869.684593,15385.52331,479.7795871,0,4934.809884,4774.744086
AS5,1915.018384,6993.70002,298.3429656,-98.79273447,2822.907141,9619.794247
AS50,1127.590818,3310.484986,151.9717237,55.66216497,1322.857448,3934.521887
AS53,1819.347583,9248.210745,384.1324278,147.5270552,3176.131645,6248.888282
AS54,1166.365923,3505.248077,237.7920559,-51.22835004,2235.948313,1482.091062
AS56,470.0821414,3274.483202,111.0619242,28.59282151,1812.589845,2230.778081
AS57,3415.561788,10237.51024,391.3151866,-41.92712526,6785.36343,6724.499968
AS59,435.5726772,1023.843743,110.3733532,17.66581102,493.6832443,2473.237163
AS60,237.389866,1300.581106,79.62764085,17.71775587,784.7355146,1409.466806
AS61,1329.943368,6452.356802,281.989622,-26.65877209,1553.689039,10181.95917
AS62,,1638.542308,,7.874192725,,1515.466215
AS63,977.5335268,2967.227574,267.2940408,58.75223027,1173.157259,3066.489417
AS65,763.8294985,5004.999478,85.83488547,-2.275338057,4314.999149,7051.036866
AS66,3256.275516,14761.64426,514.1478532,322.0034265,6548.639337,16359.77337
AS67,399.1458972,1601.869712,84.02785316,-4.657426488,1071.991838,1443.752041
AS68,536.9287817,2470.001546,81.04206924,12.14613267,898.8158746,4908.099857
AS69,1601.789207,3696.173279,156.378766,-13.39346851,3267.206846,2774.204072
AS7,775.7182478,3241.745669,120.8542324,82.47982673,1288.246255,2426.415895
AS70,1226.85215,9288.464603,286.3296652,148.6643241,2519.004287,4365.812814
AS73,794.85011,2222.598101,160.0929137,45.04465319,1054.220742,1558.878772
AS74,1580.949956,7346.777237,205.3394046,-22.43906196,1798.074942,5510.977255
AS75,438.4248674,1279.068878,90.1975774,41.47180546,727.8680873,1705.793091
AS76,814.4143057,5101.562887,175.9580959,60.66283523,1222.33569,5186.821673
AS77,717.5210821,2265.969798,109.8318038,38.24784885,1107.920053,1026.295115
AS78,5345.811468,13313.91496,1157.189424,59.53489162,,5907.401679
AS79,281.9830855,1866.972564,109.9133004,45.27238438,672.0757073,1925.141205
AS8,423.9000478,1938.985445,98.02388886,16.20649635,515.370844,754.3748513
AS80,662.1541516,2523.908845,124.1532799,43.61655302,1627.204756,2017.893731
AS81,366.7921945,1467.161504,106.6423063,0,677.5570652,1461.940901
AS82,333.1443679,1653.367176,82.07010125,31.67161251,520.9688084,2247.405648
AS83,31.56917218,286.1303908,9.59608713,-17.91876849,,83.11554708
AS84,482.2264684,1981.007799,142.1086782,23.81813767,467.2938273,708.1315868
AS86,1224.033014,4044.910921,151.915605,71.87212511,907.9679883,1922.109148
AS9,2285.361748,9277.13673,337.7329285,62.07491105,3254.855569,7379.689579
AS91,607.6448818,2341.396679,185.1186069,-16.12156648,515.7376601,2232.847872
AS93,1770.630345,7480.233924,169.5848921,-19.17997994,3294.067395,5343.763534
AS94,2233.962541,7959.49015,302.4339208,12.00574739,5065.387657,9764.391092
AS97,403.6452461,2301.264402,124.0559001,39.94293607,1079.532815,2448.894637
AS98,1562.952469,4111.541965,185.9400442,-2.403156021,1455.835622,6396.804617
AS99,6394.533254,9771.548799,648.5653103,40.67722318,4767.334592,4693.111782
CO10,2196.215036,10720.23714,711.6911945,4.448456143,2653.231844,1900.67202
CO100,450.2790668,2631.958522,81.08668282,-30.94103812,1485.603173,807.5933616
CO101,359.0486516,2566.41236,49.22992809,-20.35108566,787.3665307,750.0724928
CO102,256.6951395,2378.772113,51.39208851,21.42777693,2444.433644,917.4189467
CO103,777.1883795,2218.291287,116.7770905,8.986955785,795.4728836,661.3934691
CO104,480.6175998,2068.631911,96.31991338,-7.180397382,1127.030401,807.4053269
CO106,,7447.715807,547.3338971,49.00363637,1453.719691,1608.579061
CO107,1210.341022,5206.271732,260.2984055,-2.425767931,2583.177614,1913.820726
CO108,822.1952747,3850.453016,292.220376,42.75368304,1706.316297,1324.903732
CO109,1849.851617,7125.90846,474.3893987,56.00769037,2402.431754,3553.314802
CO11,216.9918023,1509.665873,45.61625281,-10.94535292,1421.118291,731.263056
CO110,282.5998384,1299.157073,60.27210769,18.63459535,748.8256223,827.8216045
CO111,351.4305642,2273.750534,103.3605925,16.46779646,1202.690241,903.402397
CO113,6857.737592,23244.55211,1975.200101,145.7330548,3860.638838,8312.293667
CO114,320.9510168,2939.080421,73.81516797,-34.52500077,1223.866696,1571.172366
CO116,1435.332126,6524.374452,628.4565108,60.03959023,2421.085891,2397.53371
CO117,1014.047608,4028.413733,366.8787424,1.47860121,998.900496,998.877262
CO119,510.0537109,1785.218156,59.28719282,39.6761501,498.5994274,483.4445061
CO12,2498.238956,7427.681642,339.2044883,28.3169854,2679.657813,4328.506799
CO121,2958.144868,9663.582136,720.6848529,103.6663354,3483.247771,2460.127259
CO122,76.07735867,887.5514106,29.70610491,19.19051872,342.850939,240.6667241
CO123,279.953314,1737.794222,60.48524811,17.72761306,619.9132379,860.5018478
CO124,355.141186,2034.3215,103.8930745,26.8669214,1258.079287,606.7576248
CO127,1103.913365,4883.064724,133.2124447,-25.95707598,2946.365539,2150.483273
CO128,1425.393007,6067.55801,435.9326138,53.60252639,1462.707467,2106.774423
CO129,335.5536986,1670.182619,76.21242267,25.7126989,781.0933402,1862.225476
CO131,500.0633806,2346.043237,131.7271242,-14.53436522,1674.656887,1342.192679
CO132,1722.189921,24347.9043,554.1207309,17.3100225,3441.075117,3189.362956
CO133,1807.878992,9740.515526,247.5050706,82.10255285,2824.17302,5423.217395
CO135,2101.902376,5435.011264,2175.799417,38.65710505,2765.203251,2766.902231
CO136,5864.612851,11225.99659,1271.090722,-20.02937981,3677.296951,4876.818171
CO139,270.7123203,1418.112055,62.89401358,55.55583002,852.1209207,665.6654991
CO140,567.0791019,2759.997821,99.35702249,67.528348,2021.551494,1428.125564
CO141,475.2110947,2309.536062,115.1010209,-13.44566034,804.0225353,516.9919552
CO142,601.1008482,2960.308529,163.1458404,36.4564637,613.9186246,703.9439684
CO143,692.1021657,4015.861868,102.9022639,-39.90429778,2434.475808,687.2742879
CO144,1485.513894,6198.761024,226.3688945,42.61916169,3506.695284,4055.914896
CO145,2140.351975,8699.228352,703.1498513,-62.16912212,5471.872933,3703.295021
CO149,192.5822577,1343.045815,88.12608261,55.23153058,308.5402476,184.272015
CO15,4702.098318,10362.3968,713.9497375,14.15735427,5443.43907,3821.967237
CO152,1301.892063,4556.459083,321.0074582,78.19048797,1540.47369,1393.758871
CO154,793.2736558,3629.74566,299.1674028,26.96084126,849.0416182,1573.843819
CO155,2305.117763,12193.9323,526.1449652,30.18300074,2228.156379,4276.005593
CO156,61.08459869,315.3987938,12.27636972,-48.89484684,146.7976994,69.88061596
CO157,1912.234031,8203.028558,470.0334412,-127.0370469,2836.088875,2164.2182
CO158,1140.270741,5540.566765,581.9558097,4.838390032,1788.520036,1981.841759
CO16,736.2965514,3132.318667,,22.26688791,1172.005702,1549.424047
CO161,1284.271751,3944.412798,178.2180652,-67.17651922,2064.319861,1700.971067
CO164,238.9378816,1766.419825,70.81465763,-254.6703088,228.0949814,353.2847768
CO165,3350.84061,8945.62024,397.8207033,-17.57150054,3509.578034,3600.553341
CO168,393.2017415,1120.561053,72.16487829,-15.88996142,851.704695,1368.011583
CO169,336.7920209,1616.653523,81.7660347,-35.95303272,615.4401428,1124.012826
CO17,1413.770166,7110.343598,342.0202105,-25.09305098,2644.543665,4291.496277
CO170,155.8864034,1315.770524,70.5965525,24.55117988,606.6135304,1576.580003
CO171,,2073.931834,,59.71825603,457.4585833,558.6845417
CO172,,8191.682668,382.3681159,10.60278184,1843.726701,2005.989395
CO173,1173.578393,4530.358039,299.0199021,56.96565356,1029.864363,1656.218447
CO174,184.3540886,587.5165475,20.48618343,-0.838922507,422.3973327,321.3867606
CO175,1453.856273,5847.202151,381.8891738,5.070151311,4092.262279,1573.919341
CO176,545.1708886,1903.572035,128.4508101,14.59695146,587.0797968,676.2272688
CO179,2246.122947,11603.75029,489.8726562,16.2828864,2163.901566,4245.355679
CO18,159.1088344,1619.159076,46.03899759,71.31870744,512.6724039,1469.402702
CO180,850.3930376,5109.686108,248.244053,70.64809075,1150.721207,1379.563737
CO185,642.7518493,1772.872542,92.03420127,40.2151345,784.5075318,1182.537223
CO187,1270.210362,5465.98903,340.1639586,15.6924469,2820.68522,1547.814877
CO188,1826.588593,9717.760209,403.4213179,45.29710465,1235.255413,2462.661715
CO189,3080.977637,5466.463618,806.6792715,46.60005965,2572.884931,3905.561623
CO19,,964.5247064,48.0967254,9.486731518,1595.028537,762.6768746
CO190,352.8558862,4544.294509,177.9755719,65.60522391,1019.712359,3703.140026
CO191,299.1577414,1039.900254,157.8563125,23.35836753,412.8997476,596.6700753
CO192,420.4394173,3040.165715,108.7541541,16.83772376,1204.870841,726.9762564
CO196,3394.03305,4592.944864,355.0464951,71.48555508,1205.388773,-6140.542691
CO197,1526.582226,4104.004667,430.1889077,-16.97411962,1165.352923,883.7031684
CO199,916.5574912,4983.06612,190.681293,28.21975478,2058.135512,3397.479864
CO2,397.5902637,2275.139714,108.1207649,27.80607499,1028.662151,1042.846616
CO20,376.349657,2564.031509,103.8310931,-40.5232127,949.1670724,1617.880956
CO23,169.0206153,1014.337276,53.72800974,7.512164099,668.3653104,749.0493131
CO24,799.8470168,2199.031702,190.6616032,13.29201947,1034.929161,704.4464053
CO25,2476.447717,8934.981675,327.2700538,-43.63579239,3406.321053,6067.844979
CO26,1396.787575,9724.183015,464.0480931,98.21675962,2480.235696,5397.867053
CO29,224.9079136,1679.981398,57.70304359,-33.32310426,724.8651865,870.031775
CO3,375.3436914,1346.868037,59.59530422,3.600837942,723.5689538,1038.977116
CO30,882.6774362,2847.778323,151.750904,-29.73593812,963.2787174,1274.128917
CO31,646.8260831,3363.279727,100.2263754,-4.991433864,2342.282829,2175.869194
CO32,6520.599251,23978.49462,597.7011494,34.20752566,2655.437045,5170.176136
CO33,290.7221499,1456.544472,71.9682377,13.14414934,816.957188,883.3377264
CO34,1318.33624,5213.60379,410.5785152,22.81385301,2081.70288,2688.016918
CO35,428.8154176,2166.36266,92.65598308,1.086957369,1731.2658,1200.911008
CO38,377.3146488,2177.674165,88.44380951,-55.83861398,1159.1289,2341.819703
CO39,566.888528,2653.806301,139.4138835,36.52581801,2539.60559,1692.216935
CO40,786.2442902,3217.431003,190.5947479,-12.20904121,1081.484241,2602.443312
CO41,3381.453596,11944.35838,1102.529121,27.6816341,4224.392871,3702.068813
CO42,660.9025721,2707.80627,134.7363204,25.0936059,1334.747104,811.7092189
CO44,2400.640585,8402.387281,730.0550289,11.54553374,1475.649257,2293.72566
CO46,418.9255313,1743.92796,65.39645043,5.51162395,944.3891191,952.556991
CO48,812.7283046,4972.438209,345.0819666,82.02946091,1732.11875,1144.113087
CO49,,40220.57752,3661.029659,204.7587723,18608.1436,12449.44753
CO5,332.0445635,1380.171362,85.83936563,-9.960565785,694.9431088,1162.750341
CO51,255.6887714,1420.61764,72.36038596,-2.202745208,525.6391979,492.6866214
CO53,788.6976946,4260.736875,115.5370837,-9.252948844,339.8285308,448.6028086
CO54,3934.678382,15071.04637,609.5201218,-66.24653952,17811.6236,5239.683844
CO56,889.5874819,4885.539595,1950.906279,39.16036502,1346.363819,1461.484017
CO58,838.9142617,4269.382069,276.5346718,-6.174288406,1047.565176,2396.900384
CO59,472.4578425,2187.735924,111.2402304,-28.19986386,876.8401193,541.4109149
CO6,456.8061399,1556.722941,90.77400344,-33.13448632,1262.072585,927.527543
CO60,477.5519958,2094.239946,120.691594,12.16007216,1592.621432,888.452001
CO61,309.8246878,1650.110104,105.5334977,-39.30078458,1813.835903,1326.540881
CO62,161.6993191,1312.609528,51.03949915,-66.15810937,678.7668462,1187.065557
CO63,704.6476367,18729.14161,182.0318964,48.17041342,1884.506587,2930.923184
CO64,2397.957042,13509.59026,462.8059575,-46.33135712,8687.135451,3015.297591
CO67,2033.016398,5334.160988,441.1591366,95.68780583,1963.111062,1151.542773
CO7,1659.660388,7217.935754,450.4116152,-34.54322315,1937.95293,1883.92691
CO71,389.7428805,1335.408558,128.8475316,7.662405398,931.8621802,592.8169404
CO72,315.2125525,2739.771313,73.78090843,13.79701392,695.3270381,923.1681771
CO73,6409.416583,26694.18876,1753.40012,-1.79648225,9549.466681,8077.319758
CO74,3198.220287,15165.07313,789.6731806,32.00609697,2880.128081,6958.980173
CO75,270.9664374,1565.546951,46.55372783,-7.056049679,671.4094427,706.2007503
CO76,472.63718,3478.642107,117.6395121,33.83750289,1808.763271,3467.251103
CO77,341.5635489,1521.62538,70.12386157,33.19687184,1225.603195,1082.656854
CO78,0.010155073,0.048669916,0.002115681,0.000248581,0.008993898,0.021301359
CO8,1509.47416,2632.592873,285.6966488,-11.20101124,3107.199013,2137.464666
CO82,3450.465032,12354.32487,1074.255577,87.43286581,2833.401534,3568.514246
CO83,403.6931546,2735.679641,106.5805988,-10.92074903,409.5845265,828.3914065
CO84,611.2502906,3637.205324,99.08100623,-14.6145875,2321.912809,1093.966239
CO86,203.5558891,1295.074099,51.98297017,-6.894138127,415.7071397,548.065692
CO87,3486.271407,11773.52438,723.0539976,28.40240801,3684.158967,4051.032277
CO88,370.3112353,1767.427721,84.26087707,1.797412462,757.7670878,918.8914584
CO91,734.4485309,3765.307299,215.8793837,3.70008409,1102.815004,1218.857573
CO92,88.43675138,1659.536124,57.88759483,22.49928002,317551.3768,687.454315
CO94,261.801446,1397.620102,82.29148098,-20.36260422,605.523462,482.7068073
CO96,,3364.424201,,7.535499051,,2834.658732
CO97,906.2683338,2739.923549,187.8735232,-10.1335281,852.5585883,857.4784408
QR1,539.9928792,2724.55233,88.16534018,26.42958949,963.5968366,2762.198369
QR10,581.950448,3758.988102,137.3558304,-9.734788297,847.2017253,3004.381782
QR100,249.2382425,1622.089062,48.164719,-14.50874312,819.35873,1053.836722
QR101,436.3006467,1817.263879,151.7692828,75.60078934,1354.857297,1436.051064
QR102,962.8779422,5280.634964,122.858259,17.25789797,1732.266357,4043.984278
QR103,902.459334,3838.562177,252.0328381,3.642093036,1033.919127,3280.780451
QR104,503.6164669,2580.630963,132.7946841,-11.97462586,931.8895576,1494.391828
QR106,400.8243087,1897.251589,65.12535581,-25.03822872,508.7302387,1424.605115
QR107,222.5077381,1202.614524,54.90813362,50.00003459,454.7120508,1801.158256
QR108,2125.76351,9174.109889,291.206375,95.31251843,4066.155207,5118.368796
QR109,655.4732638,4424.284363,216.356101,30.44833061,1594.844726,4653.157726
QR11,705.6311745,4618.704148,133.7771082,79.45871076,1776.494279,4201.30965
QR110,284.3269344,1747.087303,109.9262775,67.65796419,957.62508,1997.873678
QR111,439.3597895,1832.654195,118.6484351,28.14164687,816.7433348,2721.768693
QR112,522.9352589,4403.767487,277.6259568,-5.499963392,1627.154999,6317.259212
QR113,515.7192661,1977.292365,100.7720058,13.45608107,1152.358191,1744.026631
QR115,2009.665453,13927.28138,393.4285895,-8.023760673,4807.229868,19665.05397
QR118,954.2214802,3703.448354,114.548419,-59.60496378,2220.06331,2898.655039
QR119,196.0279726,787.4861718,71.97052543,-4.518401981,598.9332713,841.3209248
QR120,785.1709195,3679.365264,109.2650611,28.2416621,1938.818675,5049.278096
QR121,1333.522153,1289.935712,60.47335775,-10.41041021,540.0979313,804.0707441
QR122,171.8574733,2859.778602,69.06430418,22.76544798,526.0117468,1258.363851
QR123,187.193035,1736.60621,43.63459849,-36.93167384,304.7902977,1005.801381
QR124,395.6732182,2727.506755,75.14543199,32.54042302,1230.084971,2450.664928
QR125,406.6025878,1857.857689,127.2830689,32.92557067,1323.060947,2953.977191
QR126,253.8211764,3909.271007,80.39473704,-62.508164,1235.725406,3114.024659
QR127,471.4706701,6787.630505,73.22043969,101.258654,1233.019024,4273.258159
QR128,252.8468686,1673.599194,138.3647799,29.02537106,1297.006255,1918.679232
QR129,606.8393941,4536.896191,199.9803591,55.29477176,907.389739,4949.66929
QR13,318.392063,1786.038345,84.03205513,33.17096764,625.8125541,3192.139387
QR130,1044.249439,6129.1354,275.0819744,39.74828208,2796.356963,4694.610704
QR131,1291.747303,4301.042689,294.8567058,37.11091567,2760.601739,4058.276639
QR133,345.0627743,1407.172932,43.67923404,34.34646153,637.7298778,937.9846922
QR134,251.1982729,918.719153,72.18144851,21.98305349,535.5935951,1345.636654
QR135,908.9614424,4304.175369,165.720513,2.246577546,1482.083844,5410.548947
QR136,622.3117724,3976.546037,223.3387958,103.3252544,2020.204266,2927.807055
QR138,133.2862582,832.2718458,45.93471998,25.51124631,652.3605663,1067.615903
QR139,434.4316102,2312.781669,67.63856261,31.27196251,1507.137899,1213.111235
QR14,203.5270526,1227.472106,69.27484348,31.33605955,810.172828,1265.653167
QR140,413.1058974,1653.822719,128.753052,28.66030816,366.0432002,1191.408564
QR141,751.7569503,4716.491512,144.5892535,2.065135596,6949.786276,6287.236715
QR142,2379.094198,8726.525278,298.8267781,12.17776348,3163.78977,4349.525681
QR144,511.1304839,2810.333837,133.5403369,35.74245485,1030.174284,4523.640509
QR145,1698.747993,6860.743291,183.7126846,-30.67211889,1861.867691,4482.983764
QR146,2874.430565,16242.5865,822.7951112,109.0802767,6334.629741,7483.807013
QR147,300.1763541,3790.02345,112.0915789,67.23389027,819.992363,2111.802796
QR148,0.008728551,0.170594934,0.00451003,0.002478859,0.029730336,0.059098395
QR149,226.565266,854.6270064,131.2945547,-189.3738539,445.7545548,2019.587266
QR150,56.35024907,703.4700097,63.14111503,12.12379176,384.3517998,1046.055125
QR151,759.5848229,4906.216933,286.5433531,14.74028792,794.9409328,1807.294581
QR152,1194.924929,7429.404053,596.8441486,-4.308224587,2095.162212,7367.236241
QR153,615.0621576,3161.197595,201.4592602,34.62558435,2136.825103,3767.708025
QR154,1520.161252,3743.095671,134.3656447,-15.02794001,3341.241219,6321.332202
QR157,815.1317103,6111.346275,193.083331,25.68657745,1906.336983,11368.91254
QR159,298.6371378,2264.839948,50.16228534,25.16732313,1104.052234,2793.871848
QR16,,9669.150887,320.8080866,-35.17284392,3045.957638,8949.109754
QR160,299.9600498,1909.814214,101.4517266,30.64092134,820.2338943,3463.405896
QR162,324.1782838,1551.313066,66.01365751,16.79836003,457.7558865,753.9666445
QR163,117.2599485,766.2010664,28.68505493,20.19036584,265.718934,790.3975364
QR164,91.11345691,758.4969388,55.61841268,37.18235196,381.0052265,1136.579705
QR168,0.079156107,0.500529566,0.01493172,0.003410644,0.135693986,0.394468961
QR169,321.6797569,3371.748303,104.5077386,4.039863969,1393.452631,2772.761071
QR17,0,0,0,,,0
QR170,270.6004167,1863.17522,122.8922487,19.21607085,802.5472506,2713.854802
QR171,285.0743117,1997.458565,166.6931708,41.1402106,2073.291422,5158.356288
QR172,1038.84549,5698.961281,176.7626495,-2.294264477,422.3884127,1615.817696
QR173,483.3647678,2829.437494,136.5084773,21.41352052,1211.331239,3444.872374
QR174,905.6878961,3506.387203,119.41544,34.37879804,1674.430183,3148.641799
QR175,83.97585449,488.1042588,28.2517013,10.49089924,200.9684142,560.6380645
QR178,1061.359054,5581.801406,136.0585692,15.63170159,2850.421676,4958.91762
QR18,874.5428945,4385.655629,139.9877179,40.29406265,1724.789963,6444.174542
QR180,746.8663385,5309.506013,174.5876993,34.28570193,1995.641618,4278.62145
QR181,141.3501466,1053.322512,58.89566626,4.666891009,562.6597143,2055.442904
QR182,718.7147949,3462.19717,190.1714635,31.03323539,1513.961877,3994.208075
QR183,657.133121,4382.334152,196.2899902,80.41688128,1507.144966,4904.041419
QR185,141.1173307,1009.980302,91.72038819,-16.27888146,634.1773854,1669.222831
QR186,191.0844318,1326.188482,96.78014969,16.01867888,433.0456648,1063.02434
QR187,1011.849474,4379.905805,117.1047141,13.16745054,1499.530567,1156.558553
QR188,,8322.273345,,23.9567009,,3289.954279
QR189,390.3069721,1628.243148,91.05996167,2.374543949,713.3874862,1181.1174
QR19,418.316653,1596.199744,62.01959621,19.31139862,666.3924269,1693.468144
QR191,257.4293337,3704.766955,76.51354999,25.3558786,1541.273687,3607.144437
QR192,372.0310185,1627.399842,79.3155821,68.36931037,561.6939861,2290.244178
QR193,83.59113697,840.0529089,43.60434298,-24.39517591,260.8050611,1187.556516
QR194,177.4248223,1423.146503,55.33255664,18.08680206,220.7671502,1474.388352
QR195,401.8600019,1901.735901,138.5158196,11.63180228,589.1743418,1818.347375
QR197,238.0906484,1113.342135,62.6889006,13.05847199,388.6578574,1247.339283
QR198,408.19103,2561.924779,121.9547505,23.43066078,725.3221341,1584.322212
QR2,619.8640263,2392.975719,82.99184874,30.48798992,855.4594161,4323.276269
QR20,641.6275128,1375.982648,140.7441649,-16.56694993,796.0391669,3378.851053
QR200,151.744328,1470.26291,54.02114745,6.516965815,124800.2574,2579.370676
QR201,680.1023818,2775.201688,106.6898379,-45.00317457,732.569924,1691.408622
QR202,1083.466574,3654.271881,396.6804031,131.4931398,1225.440619,1077.012304
QR203,139.987706,791.325974,73.14795353,7.200195385,775.0222935,2662.765197
QR204,5035.042472,10984.26052,267.3115286,54.85586135,1881.252666,7710.870194
QR22,447.823301,1542.149342,151.2558104,13.5840687,690.0493362,3402.549894
QR23,159.349144,1473.137742,44.27080262,36.66016406,344.0079903,1918.932864
QR25,708.4012938,3927.008807,190.6606645,30.47414475,2206.840922,5041.723745
QR27,206.0726728,1848.042774,36.2386211,9.835075736,784.9584416,2328.520634
QR28,0,0,0,,0,0
QR29,328.1718465,2275.010386,110.4889504,28.59094393,768.0392841,2521.923578
QR3,410.4839595,1419.45101,154.0686269,-39.42281292,889.0854064,2815.412372
QR30,460.9255179,2190.628649,91.20283511,17.96399968,,3220.531497
QR31,333.7767332,2290.401718,127.8902014,19.77967713,1162.589092,2945.875767
QR32,374.6474958,1313.682874,74.49936427,133.666749,899.7230916,2435.054574
QR34,1016.020696,4771.960691,251.2566661,16.60981365,1841.677649,7076.350093
QR36,365.6573294,2240.788325,96.97533634,41.71534682,1166.772332,3046.128436
QR37,635.2589382,2654.961525,158.7468546,17.20180059,1437.483299,3192.304913
QR38,480.0394855,3273.131805,145.6620637,-10.57805249,810.675517,1849.331788
QR39,530.0450579,3497.41908,124.4459761,-13.39278757,720.8183528,3033.00972
QR4,205.1286025,1752.346358,103.2630839,9.936249026,1377.734042,3998.060851
QR41,529.7904475,4178.108028,147.3536402,63.8504117,1031.122543,3509.404072
QR42,511.154059,3355.849523,109.1843877,4.075593625,399.0506474,1250.028711
QR43,376.5630408,1226.668838,72.47438534,11.88205699,525.208264,1970.183113
QR44,-1162.945827,4231.854314,185.026844,68.85506761,1194.818643,4155.833368
QR46,198.1846124,945.3482127,54.93740288,30.72621017,653.4237548,2032.946872
QR47,257.6267208,2534.027603,94.66687691,37.3991374,1146.907914,2656.389104
QR48,1626.530013,3198.650567,142.1333124,28.92571551,1025.982193,4116.682841
QR49,380.6313939,1812.954222,74.0887421,44.53143773,869.1233984,1531.675265
QR50,120.8980582,955.2381983,54.29375545,42.49619234,271.7061387,1253.328251
QR51,1477.451294,9143.781877,331.7106612,-25.95103024,2838.339459,7092.548519
QR52,265.6418608,1581.812633,85.71479876,34.8228766,935.0730346,1686.759267
QR53,179.4095347,1487.895898,93.16842812,33.1352001,512.5036714,1172.172165
QR54,1675.745351,6710.258296,298.6097604,10.23811899,2495.488548,7413.412021
QR55,287.9724403,1448.647544,104.9887668,5.641298564,1018.783506,2239.602695
QR56,432.8443217,2404.68139,93.02954976,55.46658909,499.6262115,1385.935122
QR57,320.4404241,2210.283709,111.2319557,17.94207419,1114.865112,4116.156576
QR58,797.1692182,3074.335132,143.5056828,140.9635492,2483.321973,3169.329693
QR59,900.8840477,3123.758601,130.8799244,35.84388473,1473.4714,2716.788895
QR6,231.0512696,2110.500593,62.54764192,39.41865544,838.2090163,2863.443164
QR62,230.1439429,1633.557358,69.10398645,-38.96716114,540.3471415,3001.173891
QR63,451.6328643,2679.937877,95.85536282,66.62402729,991.2750568,5497.364428
QR64,384.0440877,843.5977432,84.45762859,23.01345456,882.7061365,3470.383337
QR67,504.7435147,4119.652877,146.5962875,144.9554337,1455.662388,4415.884879
QR68,104.5981165,1177.056634,46.90142113,16.14755763,417.6008463,1073.801579
QR69,510.3389532,2758.680956,73.21856059,59.72764195,1117.69636,2546.72138
QR7,378.5135683,2007.99095,118.850755,752.6999171,693.6208339,2287.726734
QR70,622.0311798,2619.280572,132.8559867,79.16031088,1103.191273,5812.410023
QR72,383.5628039,2414.559632,83.04563437,66.06206663,799.1111161,1716.351034
QR73,1275.759821,1955.486128,123.4906035,37.74496935,708.6919701,1917.850248
QR74,91.16854873,805.4747485,38.97991697,21.73815991,319.9127247,778.7431415
QR76,383.8927425,3829.246359,168.1346277,-111.6536655,1147.578929,2926.058569
QR77,647.585306,2896.724498,157.1267073,39.05055045,2647.731434,5822.050592
QR78,589.3919067,1948.124274,133.4133838,-1.636533298,667.915799,3880.511112
QR79,0.067400037,0.232117805,0.012860968,0.001904833,0.048977031,0.092671604
QR81,732.2393578,4215.976824,148.3544411,29.06399698,1801.479561,5105.019921
QR82,364.7995431,2207.575581,111.1503819,-9.41945985,1327.777297,1752.505402
QR83,1812.700498,5289.951133,111.5163226,-17.14140116,1861.635485,3066.786592
QR86,323.0211707,2034.948547,109.486555,-6.801000167,1125.682918,1451.281961
QR87,,1583.674782,36.60234751,25.75017543,688.4967137,1356.178253
QR88,384.5618712,2485.827608,2168.959994,38.1953038,1089.1419,2047.60575
QR9,140.2241026,1075.416239,37.44794338,-14.55605069,643.7989287,
QR90,804.0783266,5046.438969,147.6896279,5.685674103,1477.70195,3499.529542
QR91,333.1232576,1671.112223,88.64913916,0.856175326,677.0624158,2004.169465
QR92,244.1835221,1384.906084,50.25680513,17.55886669,672.6850409,1609.338899
QR94,342.3969873,1023.522649,76.73180311,36.23447088,647.0304846,1014.491652
QR95,668.0667582,2300.517236,136.2779116,33.13982475,1631.662783,2476.280909
QR96,693.8161507,3199.487051,168.925188,74.72985399,1290.15416,3482.573349
QR97,,811.4611673,28.72021744,21.94958269,284.1910787,755.1825113
QR98,160.9484888,1357.472022,44.37098153,-61.70258704,291.9400204,423.0306798
QR99,124.8183657,395.3855522,47.63585437,-2.654884127,339.2688729,508.4243715
