Enzyme,Bag ID,nmol_per_ml,SampleID,wet.wt,dry.wt,perc.moist,perc.dry,enz.raw,enz.wt,volume,activity
dopa,CO25,0.003016218,CO25,4.24,7.25877551,0.529411765,0.470588235,0.3952,0.185976471,125,2.027284916
dopa,QR147,-0.002630538,QR147,3.97,7.593258427,0.545454545,0.454545455,0.2339,0.106318182,125,-3.092765891
dopa,AS74,-0.017306171,AS74,3.97,2.8375,0.166666667,0.833333333,0.2335,0.194583333,125,-11.11745455
h2o2,CO25,0.012608782,CO25,4.24,7.25877551,0.529411765,0.470588235,0.3952,0.185976471,125,8.474715631
h2o2,QR147,0.02565269,QR147,3.97,7.593258427,0.545454545,0.454545455,0.2339,0.106318182,125,30.1602809
h2o2,AS74,0.009998022,AS74,3.97,2.8375,0.166666667,0.833333333,0.2335,0.194583333,125,6.422712314
dopa,QR159,-0.009384889,QR159,4.04,5.267625899,0.111111111,0.888888889,0.1551,0.137866667,125,-8.509026733
dopa,AS171,-0.016979826,AS171,4.03,2.635897436,0,1,0.2554,0.2554,125,-8.310408158
dopa,CO176,-0.025435127,CO176,2.1,0.31,0.066666668,0.933333332,0.4268,0.398346666,125,-7.981467134
h2o2,QR159,0.00195807,QR159,4.04,5.267625899,0.111111111,0.888888889,0.1551,0.137866667,125,1.775329076
h2o2,AS171,0.000899921,AS171,4.03,2.635897436,0,1,0.2554,0.2554,125,0.440446792
h2o2,CO176,0.00872231,CO176,2.1,0.31,0.066666668,0.933333332,0.4268,0.398346666,125,2.737034997
dopa,CO96,0.00443038,CO96,4.31,3.579210526,0.166666666,0.833333334,0.2679,0.22325,125,2.48061576
dopa,AS62,0.003362342,AS62,2.37,0.232149533,0.200000002,0.799999998,0.2197,0.17576,125,2.391287674
dopa,QR188,0.009780459,QR188,4.66,3.66754491,0.111111111,0.888888889,0.2214,0.1968,125,6.212181695
h2o2,CO96,0.000534019,CO96,4.31,3.579210526,0.166666666,0.833333334,0.2679,0.22325,125,0.299002792
h2o2,QR188,-0.002007516,QR188,4.66,3.66754491,0.111111111,0.888888889,0.2214,0.1968,125,-1.275098973
dopa,AS149,-0.000425237,AS149,3.21,1.020833333,0,1,0.3295,0.3295,125,-0.161319174
dopa,CO22,0.005636867,CO22,4.28,10.4528,0.636363636,0.363636364,0.3303,0.120109091,125,5.866403452
dopa,QR132,0.015812896,QR132,3.18,2.306137566,0.090909091,0.909090909,0.2232,0.202909091,125,9.741367114
h2o2,AS149,0.009681566,AS149,3.21,1.020833333,0,1,0.3295,0.3295,125,3.672824907
h2o2,CO22,0.006892801,CO22,4.28,10.4528,0.636363636,0.363636364,0.3303,0.120109091,125,7.173479309
h2o2,QR132,-0.002798655,QR132,3.18,2.306137566,0.090909091,0.909090909,0.2232,0.202909091,125,-1.724081859
dopa,AS121,0.004786392,AS121,4.29,3.7525,0,1,0.1885,0.1885,125,3.174000269
dopa,CO194,0.003787579,CO194,2.01,0.510277778,0.23076923,0.76923077,0.2001,0.153923077,125,3.075870093
dopa,QR8,0.001157041,QR8,5.28,3.654135338,0,1,0.2876,0.2876,125,0.502886448
h2o2,AS121,0.004736946,AS121,4.29,3.7525,0,1,0.1885,0.1885,125,3.14121101
h2o2,CO194,0.001443829,CO194,2.01,0.510277778,0.23076923,0.76923077,0.2001,0.153923077,125,1.172524892
h2o2,QR8,0.000178006,QR8,5.28,3.654135338,0,1,0.2876,0.2876,125,0.077367146
dopa,AS193,0.016979826,AS193,4.35,2.572712418,0.125,0.875,0.2854,0.249725,125,8.499262163
dopa,CO50,0.000623022,CO50,3.43,4.979341564,0.741935484,0.258064516,0.2686,0.069316129,125,1.123515841
dopa,QR85,0.004499604,QR85,5.14,9.117746114,0.7,0.3,0.2491,0.07473,125,7.526435886
h2o2,AS193,-0.01133307,AS193,4.35,2.572712418,0.125,0.875,0.2854,0.249725,125,-5.672774862
h2o2,CO50,0.009236551,CO50,3.43,4.979341564,0.741935484,0.258064516,0.2686,0.069316129,125,16.65656819
h2o2,QR85,0.013132911,QR85,5.14,9.117746114,0.7,0.3,0.2491,0.07473,125,21.96726782
dopa,QR73,0.006922468,QR73,2.62,1.152537313,0.428571428,0.571428572,0.2944,0.168228572,125,5.143647919
dopa,QR156,0.010690269,QR156,2.49,0.3885,0.090909091,0.909090909,0.1861,0.169181818,125,7.898506111
dopa,CO85,0.002096519,CO85,2.05,0.548571429,0.181818182,0.818181818,0.2653,0.217063636,125,1.207318178
h2o2,QR73,0.002373418,QR73,2.62,1.152537313,0.428571428,0.571428572,0.2944,0.168228572,125,1.763536429
h2o2,QR156,-0.015476661,QR156,2.49,0.3885,0.090909091,0.909090909,0.1861,0.169181818,125,-11.43493253
h2o2,CO85,-0.037905459,CO85,2.05,0.548571429,0.181818182,0.818181818,0.2653,0.217063636,125,-21.82854045
dopa,CO186,0.004390823,CO186,1.91,0.3046875,0.142857144,0.857142856,0.1746,0.149657143,125,3.667401616
dopa,QR65,-0.001374604,QR65,2.03,0.617808219,0.062500001,0.937499999,0.2145,0.20109375,125,-0.854454968
dopa,CO184,0.006912579,CO184,3.09,1.549723757,1.1,-0.1,0.1929,-0.01929,125,-44.79379934
h2o2,CO186,0.00677413,CO186,1.91,0.3046875,0.142857144,0.857142856,0.1746,0.149657143,125,5.658040782
h2o2,QR65,0.017256725,QR65,2.03,0.617808219,0.062500001,0.937499999,0.2145,0.20109375,125,10.72679079
h2o2,CO184,-0.023664953,CO184,3.09,1.549723757,1.1,-0.1,0.1929,-0.01929,125,153.3498738
dopa,AS139,0.014003165,AS139,2,2.646407767,0,1,0.3007,0.3007,125,5.821069403
dopa,QR161,0.009543117,QR161,2.26,2.206122449,0.083333333,0.916666667,0.1915,0.175541667,125,6.795478569
dopa,CO4,-0.010502373,CO4,2.35,0.836635514,0,1,0.2516,0.2516,125,-5.217792835
h2o2,AS139,-0.00794106,AS139,2,2.646407767,0,1,0.3007,0.3007,125,-3.30107255
h2o2,AS89,-0.014784415,AS89,3.92,0.398060837,0.250000002,0.749999998,0.3348,0.251099999,125,-7.359824082
h2o2,AS25,-0.037480222,AS25,3.02,0.792485549,0.499999999,0.500000001,0.3034,0.1517,125,-30.88350488
dopa,AS122,-0.003935918,AS122,4.39,2.308446602,0.125,0.875,0.2372,0.20755,125,-2.370463576
dopa,AS89,-0.011817642,AS89,3.92,0.398060837,0.250000002,0.749999998,0.3348,0.251099999,125,-5.882936306
dopa,AS25,-0.037401108,AS25,3.02,0.792485549,0.499999999,0.500000001,0.3034,0.1517,125,-30.81831542
h2o2,AS122,-0.02069818,AS122,4.39,2.308446602,0.125,0.875,0.2372,0.20755,125,-12.46577956
h2o2,QR161,-0.026137263,QR161,2.26,2.206122449,0.083333333,0.916666667,0.1915,0.175541667,125,-18.61186514
h2o2,CO4,-0.058119066,CO4,2.35,0.836635514,0,1,0.2516,0.2516,125,-28.87473492
dopa,AS199,-0.040852453,AS199,2.18,0.954831461,0.428571428,0.571428572,0.178,0.101714286,125,-50.20490992
dopa,CO146,-0.04193038,CO146,4.69,3.400941176,0.25,0.75,0.2616,0.1962,125,-26.71405437
dopa,CO98,-0.068057753,CO98,3.51,4.394537445,0.166666667,0.833333333,0.2452,0.204333333,125,-41.63402525
h2o2,AS199,-0.011046282,AS199,2.18,0.954831461,0.428571428,0.571428572,0.178,0.101714286,125,-13.57513541
h2o2,CO146,0.000326345,CO146,4.69,3.400941176,0.25,0.75,0.2616,0.1962,125,0.207915989
h2o2,CO98,-0.000623022,CO98,3.51,4.394537445,0.166666667,0.833333333,0.2452,0.204333333,125,-0.381131007
dopa,CO45,-0.033030063,CO45,2.15,1.486860465,0.117647058,0.882352942,0.2556,0.225529412,125,-18.30695994
dopa,QR35,-0.029717168,QR35,2.09,0.46325,0.214285714,0.785714286,0.2125,0.166964286,125,-22.24814692
dopa,AS2,-0.051641614,AS2,1.79,0.2096,0.166666665,0.833333335,0.2035,0.169583334,125,-38.06507154
h2o2,CO45,0.00494462,CO45,2.15,1.486860465,0.117647058,0.882352942,0.2556,0.225529412,125,2.740562866
h2o2,QR35,0.006744462,QR35,2.09,0.46325,0.214285714,0.785714286,0.2125,0.166964286,125,5.04932985
h2o2,AS2,0.000237342,AS2,1.79,0.2096,0.166666665,0.833333335,0.2035,0.169583334,125,0.174944795
dopa,CO167,-0.023842959,CO167,1.91,0.44,0.272727273,0.727272727,0.2296,0.166981818,125,-17.84846933
dopa,CO201,-0.019106013,CO201,2.03,0.552911392,0.066666666,0.933333334,0.1868,0.174346667,125,-13.69829216
dopa,QR158,-0.038014241,QR158,2.03,0.6256,-0.2,1.2,0.1971,0.23652,125,-20.09039431
h2o2,CO167,0.011965981,CO167,1.91,0.44,0.272727273,0.727272727,0.2296,0.166981818,125,8.957547861
h2o2,CO201,0.008682753,CO201,2.03,0.552911392,0.066666666,0.933333334,0.1868,0.174346667,125,6.225207308
h2o2,QR158,0.010265032,QR158,2.03,0.6256,-0.2,1.2,0.1971,0.23652,125,5.425033636
dopa,AS55,-0.024574763,AS55,2.22,1.696808511,0.333333333,0.666666667,0.3098,0.206533333,125,-14.87336348
dopa,AS72,-0.025178006,AS72,2.14,0.456904762,0.230769232,0.769230768,0.2797,0.215153846,125,-14.62790859
dopa,QR93,-0.044224684,QR93,2.09,0.745925926,0.111111112,0.888888888,0.2334,0.207466666,125,-26.64565614
h2o2,AS55,-0.000197785,AS55,2.22,1.696808511,0.333333333,0.666666667,0.3098,0.206533333,125,-0.119705139
h2o2,AS72,0.000623022,AS72,2.14,0.456904762,0.230769232,0.769230768,0.2797,0.215153846,125,0.361963174
h2o2,QR93,0.00351068,QR93,2.09,0.745925926,0.111111112,0.888888888,0.2334,0.207466666,125,2.115207498
dopa,CO120,0.012381329,CO120,3.5,2.648648649,0.529411765,0.470588235,0.1995,0.093882353,125,16.48516563
dopa,QR33,0.005547864,QR33,3.28,4.841909548,0.473684211,0.526315789,0.2558,0.134631579,125,5.150968262
dopa,AS136,-0.008949763,AS136,2.37,0.682181818,0,1,0.366,0.366,125,-3.05661293
h2o2,CO120,0.00559731,CO120,3.5,2.648648649,0.529411765,0.470588235,0.1995,0.093882353,125,7.452558904
h2o2,QR33,0.011372627,QR33,3.28,4.841909548,0.473684211,0.526315789,0.2558,0.134631579,125,10.55902585
h2o2,AS136,0.005122627,AS136,2.37,0.682181818,0,1,0.366,0.366,125,1.749530937
dopa,CO105,-0.00715981,CO105,2.4,1.129090909,0.083333333,0.916666667,0.252,0.231,125,-3.874356129
dopa,AS120,-0.002403085,AS120,3.25,4.417085427,0.653846154,0.346153846,0.305,0.105576923,125,-2.845183131
dopa,AS181,-0.00559731,AS181,5.06,2.776781003,0.166666667,0.833333333,0.2251,0.187583333,125,-3.729882366
h2o2,CO105,0.004410601,CO105,2.4,1.129090909,0.083333333,0.916666667,0.252,0.231,125,2.386688997
h2o2,AS120,0.011550633,AS120,3.25,4.417085427,0.653846154,0.346153846,0.305,0.105576923,125,13.67561275
h2o2,AS181,0.008564082,AS181,5.06,2.776781003,0.166666667,0.833333333,0.2251,0.187583333,125,5.706851817
dopa,QR132,0.014537184,QR132,3.18,2.306137566,0.090909091,0.909090909,0.2232,0.202909091,125,8.95547821
dopa,CO174,0.005508307,CO174,4.02,3.969889299,0,1,0.3653,0.3653,125,1.884857296
dopa,AS42,0.003846915,AS42,4.32,6.145313531,0.8125,0.1875,0.2878,0.0539625,125,8.91108306
h2o2,QR132,-0.026384494,QR132,3.18,2.306137566,0.090909091,0.909090909,0.2232,0.202909091,125,-16.25388834
h2o2,CO174,-0.02265625,CO174,4.02,3.969889299,0,1,0.3653,0.3653,125,-7.752617711
h2o2,AS42,-0.039804193,AS42,4.32,6.145313531,0.8125,0.1875,0.2878,0.0539625,125,-92.20336585
dopa,CO37,-0.026018592,CO37,2.64,0.789705882,0.222222222,0.777777778,0.2109,0.164033333,125,-19.82721385
dopa,QR66,-0.024485759,QR66,3.47,4.044354839,0.1,0.9,0.2416,0.21744,125,-14.07615865
dopa,CO47,-0.045579509,CO47,4.26,5.900204082,0.5,0.5,0.6065,0.30325,125,-18.78792642
h2o2,CO37,0.002551424,CO37,2.64,0.789705882,0.222222222,0.777777778,0.2109,0.164033333,125,1.944287789
h2o2,QR66,-0.005666535,QR66,3.47,4.044354839,0.1,0.9,0.2416,0.21744,125,-3.25752783
h2o2,CO47,0.023516614,CO47,4.26,5.900204082,0.5,0.5,0.6065,0.30325,125,9.693575402
dopa,QR165,0.002828323,QR165,2.5,0.32,0.133333334,0.866666666,0.264,0.2288,125,1.545193829
dopa,QR84,0.008346519,QR84,4.05,5.454782609,0.272727273,0.727272727,0.2216,0.161163636,125,6.473636977
dopa,CO80,0.020510285,CO80,4.25,3.686195286,0.2,0.8,0.2377,0.19016,125,13.48225495
h2o2,QR165,0.005508307,QR165,2.5,0.32,0.133333334,0.866666666,0.264,0.2288,125,3.009346024
h2o2,QR84,0.010650712,QR84,4.05,5.454782609,0.272727273,0.727272727,0.2216,0.161163636,125,8.260790314
h2o2,CO80,0.001404272,CO80,4.25,3.686195286,0.2,0.8,0.2377,0.19016,125,0.923085922
dopa,AS30,-0.002660206,AS30,4.44,2.257845659,0.571428571,0.428571429,0.3537,0.151585714,125,-2.19364809
dopa,AS110,0.008712421,AS110,2.16,1.097093023,0.807692307,0.192307693,0.3993,0.076788462,125,14.18250324
dopa,QR179,0.010126582,QR179,2.11,0.70125,0.111111112,0.888888888,0.1979,0.175911111,125,7.195809165
h2o2,AS30,0.001780063,AS30,4.44,2.257845659,0.571428571,0.428571429,0.3537,0.151585714,125,1.467868611
h2o2,AS110,0.024752769,AS110,2.16,1.097093023,0.807692307,0.192307693,0.3993,0.076788462,125,40.29376345
h2o2,QR179,0.012252769,QR179,2.11,0.70125,0.111111112,0.888888888,0.1979,0.175911111,125,8.706648004
dopa,QR115,-0.00169106,QR115,5.24,7.833265823,0.75,0.25,0.3502,0.08755,125,-2.414420512
dopa,CO54,-0.01393394,CO54,3.93,8.543056604,0.647058824,0.352941176,0.2886,0.101858824,125,-17.09957386
dopa,AS172,-0.026997627,AS172,4.25,2.990340136,0.454545454,0.545454546,0.3821,0.208418182,125,-16.19198138
h2o2,QR115,0.013132911,QR115,5.24,7.833265823,0.75,0.25,0.3502,0.08755,125,18.75058737
h2o2,CO54,0.008366297,CO54,3.93,8.543056604,0.647058824,0.352941176,0.2886,0.101858824,125,10.26702589
h2o2,AS172,0.019966377,AS172,4.25,2.990340136,0.454545454,0.545454546,0.3821,0.208418182,125,11.97494887
dopa,AS66,-0.007456487,AS66,7.1,11.77718696,0.866666667,0.133333333,0.3177,0.04236,125,-22.00332667
dopa,AS37,0.003204114,AS37,3.99,3.392397004,0,1,0.3213,0.3213,125,1.246542921
dopa,QR127,-0.038548259,QR127,4.1,7.56,0.6,0.4,0.3035,0.1214,125,-39.69137098
h2o2,AS66,0.035947389,AS66,7.1,11.77718696,0.866666667,0.133333333,0.3177,0.04236,125,106.0770457
h2o2,AS37,0.013202136,AS37,3.99,3.392397004,0,1,0.3213,0.3213,125,5.136218517
h2o2,QR127,0.002501978,QR127,4.1,7.56,0.6,0.4,0.3035,0.1214,125,2.57617159
dopa,QR124,0.008020174,QR124,4.82,7.776101695,0.4,0.6,0.3118,0.18708,125,5.358786382
dopa,AS94,-0.007565269,AS94,4.19,4.68,0.625,0.375,0.3488,0.1308,125,-7.229805989
dopa,QR120,-0.025998813,QR120,5.41,7.068567961,0.4,0.6,0.3175,0.1905,125,-17.05958877
h2o2,QR124,0.005943434,QR124,4.82,7.776101695,0.4,0.6,0.3118,0.18708,125,3.971184483
h2o2,AS94,0.014121835,AS94,4.19,4.68,0.625,0.375,0.3488,0.1308,125,13.49563785
h2o2,QR120,0.005765427,QR120,5.41,7.068567961,0.4,0.6,0.3175,0.1905,125,3.783088724
dopa,CO165,-0.021014636,CO165,4.01,4.163823529,0,1,0.1896,0.1896,125,-13.85458602
dopa,CO52,-0.023664953,CO52,1.82,0.225454545,0.764705883,0.235294117,0.2304,0.054211764,125,-54.56599912
dopa,AS40,-0.039754747,AS40,3.92,3.813664122,0.5,0.5,0.1883,0.09415,125,-52.78112963
h2o2,CO165,0.005943434,CO165,4.01,4.163823529,0,1,0.1896,0.1896,125,3.918402917
h2o2,CO52,0.008128956,CO52,1.82,0.225454545,0.764705883,0.235294117,0.2304,0.054211764,125,18.74352331
h2o2,AS40,0.018928006,AS40,3.92,3.813664122,0.5,0.5,0.1883,0.09415,125,25.13011993
dopa,QR75,-0.015308544,QR75,3.98,4.443333333,0.285714286,0.714285714,0.1899,0.135642857,125,-14.10739998
dopa,AS49,-0.02616693,AS49,4.02,10.49573529,0.826086956,0.173913044,0.4007,0.069686957,125,-46.93656372
dopa,CO54,-0.044422468,CO54,3.93,8.543056604,0.647058824,0.352941176,0.2886,0.101858824,125,-54.51475215
h2o2,QR75,0.005518196,QR75,3.98,4.443333333,0.285714286,0.714285714,0.1899,0.135642857,125,5.085225574
h2o2,AS49,0.00794106,AS49,4.02,10.49573529,0.826086956,0.173913044,0.4007,0.069686957,125,14.24416503
h2o2,CO54,-0.007100475,CO54,3.93,8.543056604,0.647058824,0.352941176,0.2886,0.101858824,125,-8.713622449
dopa,AS69,0.021657437,AS69,4.02,7.907372263,0.85,0.15,0.36838,0.055257,125,48.99251839
dopa,QR83,0.019284019,QR83,4,5.700147059,0.411764706,0.588235294,0.32209,0.189464706,125,12.72269872
dopa,QR118,0.004717168,QR118,4.15,3.674479167,0,1,0.23004,0.23004,125,2.56323233
h2o2,AS69,0.009187104,AS69,4.02,7.907372263,0.85,0.15,0.36838,0.055257,125,20.78267104
h2o2,QR83,0.014200949,QR83,4,5.700147059,0.411764706,0.588235294,0.32209,0.189464706,125,9.36912583
h2o2,QR118,0.005033623,QR118,4.15,3.674479167,0,1,0.23004,0.23004,125,2.735189216
dopa,QR102,0.020480617,QR102,4.01,10.35854015,0.705882353,0.294117647,0.34734,0.102158823,125,25.05977517
dopa,CO133,0.002887658,CO133,3.89,4.264169884,0.307692308,0.692307692,0.1556,0.107723077,125,3.350788787
dopa,QR141,-0.008712421,QR141,3.91,4.041368821,0.142857143,0.857142857,0.20592,0.176502857,125,-6.170169873
h2o2,QR102,0.056724684,QR102,4.01,10.35854015,0.705882353,0.294117647,0.34734,0.102158823,125,69.40747
h2o2,CO133,0.000415348,CO133,3.89,4.264169884,0.307692308,0.692307692,0.1556,0.107723077,125,0.481962771
h2o2,QR141,0.007753165,QR141,3.91,4.041368821,0.142857143,0.857142857,0.20592,0.176502857,125,5.490820863
dopa,AS65,-0.005903877,AS65,3.95,3.202406015,0.142857143,0.857142857,0.1903,0.163114286,125,-4.524340515
dopa,QR51,-0.019946598,QR51,3.91,3.480916031,0.111111111,0.888888889,0.18903,0.168026667,125,-14.83886342
dopa,CO161,-0.025079114,CO161,4.03,4.299781818,0.375,0.625,0.236,0.1475,125,-21.25348638
h2o2,AS65,0.025494462,AS65,3.95,3.202406015,0.142857143,0.857142857,0.1903,0.163114286,125,19.53726943
h2o2,QR51,0.010917722,QR51,3.91,3.480916031,0.111111111,0.888888889,0.18903,0.168026667,125,8.122015477
h2o2,CO161,0.00898932,CO161,4.03,4.299781818,0.375,0.625,0.236,0.1475,125,7.618067475
dopa,CO157,-0.004756725,CO157,4,3.669087591,0,1,0.1603,0.1603,125,-3.709236341
dopa,AS41,-0.023585839,AS41,4.02,2.702324723,0.428571429,0.571428571,0.1986,0.113485714,125,-25.97886308
dopa,CO10,-0.020005934,CO10,4,3.499191176,0,1,0.159,0.159,125,-15.72793518
h2o2,CO157,0.017197389,CO157,4,3.669087591,0,1,0.1603,0.1603,125,13.410316
h2o2,AS41,0.01328125,AS41,4.02,2.702324723,0.428571429,0.571428571,0.1986,0.113485714,125,14.6287686
h2o2,CO10,0.009078323,CO10,4,3.499191176,0,1,0.159,0.159,125,7.137046214
dopa,CO32,-0.018601661,CO32,4.14,4.86271777,0.444444444,0.555555556,0.225,0.125,125,-18.60166139
dopa,AS57,-0.00494462,AS57,4.04,7.420289855,0.8,0.2,0.333,0.0666,125,-9.280443418
dopa,CO15,-0.031803797,CO15,3.99,5.823431734,0.705882353,0.294117647,0.3311,0.097382353,125,-40.82335825
h2o2,CO32,-0.007950949,CO32,4.14,4.86271777,0.444444444,0.555555556,0.225,0.125,125,-7.950949367
h2o2,AS57,0.048941851,AS57,4.04,7.420289855,0.8,0.2,0.333,0.0666,125,91.85782895
h2o2,CO15,0.01340981,CO15,3.99,5.823431734,0.705882353,0.294117647,0.3311,0.097382353,125,17.21283389
dopa,CO189,-0.002096519,CO189,4.65,3.467240356,0,1,0.2395,0.2395,125,-1.09421659
dopa,CO12,-0.013004351,CO12,4.47,3.5953125,0.125,0.875,0.1815,0.1588125,125,-10.2356169
dopa,QR178,-0.024812104,QR178,4.58,3.551532033,0,1,0.2078,0.2078,125,-14.92547187
h2o2,CO189,0.003896361,CO189,4.65,3.467240356,0,1,0.2395,0.2395,125,2.033591211
h2o2,CO12,0.003916139,CO12,4.47,3.5953125,0.125,0.875,0.1815,0.1588125,125,3.082360677
h2o2,QR178,0.002412975,QR178,4.58,3.551532033,0,1,0.2078,0.2078,125,1.451500652
dopa,AS141,-0.001849288,AS141,4.18,3.026185567,0,1,0.3582,0.3582,125,-0.645340583
dopa,AS163,-0.015120649,AS163,4.89,2.608642659,0,1,0.3395,0.3395,125,-5.567249166
dopa,QR18,-0.030933544,QR18,4,3.813712375,0.111111111,0.888888889,0.1491,0.132533333,125,-29.17524935
h2o2,AS141,0.006230222,AS141,4.18,3.026185567,0,1,0.3582,0.3582,125,2.174142071
h2o2,AS163,0.00364913,AS163,4.89,2.608642659,0,1,0.3395,0.3395,125,1.343567653
h2o2,QR18,0.001532832,QR18,4,3.813712375,0.111111111,0.888888889,0.1491,0.132533333,125,1.445704492
dopa,CO196,-0.012935127,CO196,5.42,3.872451456,0.2,0.8,0.2263,0.18104,125,-8.931124739
dopa,AS132,-0.018473101,AS132,4.36,2.867514793,0,1,0.1971,0.1971,125,-11.71556397
dopa,AS26,-0.033504747,AS26,3.99,2.59,0.125,0.875,0.2034,0.177975,125,-23.5319194
h2o2,CO196,0.000949367,CO196,5.42,3.872451456,0.2,0.8,0.2263,0.18104,125,0.655495394
h2o2,AS132,0.000613133,AS132,4.36,2.867514793,0,1,0.1971,0.1971,125,0.388846342
h2o2,AS26,0.001572389,AS26,3.99,2.59,0.125,0.875,0.2034,0.177975,125,1.104361034
dopa,CO144,0.003362342,CO144,3.75,3.627909836,0,1,0.1934,0.1934,125,2.173178498
dopa,QR11,-0.045895965,QR11,5.04,3.323660477,0.333333333,0.666666667,0.2149,0.143266667,125,-40.04417614
dopa,CO179,-0.035888054,CO179,4.92,3.687768595,0.428571429,0.571428571,0.3238,0.185028571,125,-24.24494066
h2o2,CO144,0.00625,CO144,3.75,3.627909836,0,1,0.1934,0.1934,125,4.039555326
h2o2,QR11,0.012153877,QR11,5.04,3.323660477,0.333333333,0.666666667,0.2149,0.143266667,125,10.60424315
h2o2,CO179,0.015723892,CO179,4.92,3.687768595,0.428571429,0.571428571,0.3238,0.185028571,125,10.62261109
dopa,CO155,0.01340981,CO155,4.7,3.563647059,0.1,0.9,0.2278,0.20502,125,8.175915841
dopa,QR1,0.013360364,QR1,4.6,3.07373494,0,1,0.2026,0.2026,125,8.243067574
dopa,QR126,-0.00234375,QR126,1.46,0.06,0.285714283,0.714285717,0.2249,0.160642858,125,-1.823727202
h2o2,CO155,0.010096915,CO155,4.7,3.563647059,0.1,0.9,0.2278,0.20502,125,6.156054627
h2o2,QR1,-0.014210839,QR1,4.6,3.07373494,0,1,0.2026,0.2026,125,-8.767792823
h2o2,QR126,0.003748022,QR126,1.46,0.06,0.285714283,0.714285717,0.2249,0.160642858,125,2.916424513
dopa,AS167,0.002145965,AS167,4.16,2.935191638,0,1,0.2244,0.2244,125,1.195390592
dopa,QR41,-0.002126187,QR41,3.69,3.945092251,0.307692308,0.692307692,0.1421,0.098376923,125,-2.701582144
dopa,CO107,-0.015714003,CO107,6.73,3.719668508,0.2,0.8,0.3281,0.26248,125,-7.483428816
h2o2,AS167,0.000692247,AS167,4.16,2.935191638,0,1,0.2244,0.2244,125,0.385609868
h2o2,QR41,0.003006329,QR41,3.69,3.945092251,0.307692308,0.692307692,0.1421,0.098376923,125,3.819911497
h2o2,CO107,-0.000603244,CO107,6.73,3.719668508,0.2,0.8,0.3281,0.26248,125,-0.287280779
dopa,QR36,0.017939082,QR36,5.28,3.752380952,0.125,0.875,0.317,0.277375,125,8.084309274
dopa,CO128,0.009157437,CO128,3.99,3.440848708,0,1,0.2168,0.2168,125,5.279887401
dopa,QR204,-0.003105222,QR204,4.15,3.587237762,0,1,0.204,0.204,125,-1.902709264
h2o2,QR36,0.002759098,QR36,5.28,3.752380952,0.125,0.875,0.317,0.277375,125,1.243397071
h2o2,CO128,0.000603244,CO128,3.99,3.440848708,0,1,0.2168,0.2168,125,0.347811157
h2o2,QR204,0.000830696,QR204,4.15,3.587237762,0,1,0.204,0.204,125,0.509005026
dopa,QR174,0.010354035,QR174,3.85,3.565898438,0,1,0.223,0.223,125,5.803831172
dopa,QR168,-0.017236946,QR168,3.29,3.76137931,0.1,0.9,1661,1494.9,125,-0.001441313
dopa,CO73,-0.002719541,CO73,4.13,3.559157895,0.25,0.75,0.1663,0.124725,125,-2.725537321
h2o2,QR174,-0.002432753,QR174,3.85,3.565898438,0,1,0.223,0.223,125,-1.363650877
h2o2,QR168,0.001789953,QR168,3.29,3.76137931,0.1,0.9,1661,1494.9,125,0.000149672
h2o2,CO73,-0.001018592,CO73,4.13,3.559157895,0.25,0.75,0.1663,0.124725,125,-1.020837615
dopa,CO173,0.021845332,CO173,4.39,2.926319218,0.166666666,0.833333334,0.2603,0.216916667,125,12.58855104
dopa,CO113,0.010848497,CO113,4.09,3.4875,0.333333333,0.666666667,0.2375,0.158333333,125,8.564602783
dopa,CO152,-0.004321598,CO152,3.51,2.591210762,0.222222222,0.777777778,0.3668,0.285288889,125,-1.893518407
h2o2,CO173,0.003866693,CO173,4.39,2.926319218,0.166666666,0.833333334,0.2603,0.216916667,125,2.228213426
h2o2,CO113,-0.00038568,CO113,4.09,3.4875,0.333333333,0.666666667,0.2375,0.158333333,125,-0.304484511
h2o2,CO152,-0.00351068,CO152,3.51,2.591210762,0.222222222,0.777777778,0.3668,0.285288889,125,-1.538212894
dopa,AS133,-0.019738924,AS133,5.22,2.6756743,0.333333333,0.666666667,0.2178,0.1452,125,-16.99287539
dopa,AS156,-0.023160601,AS156,4.39,2.956116505,0.833333333,0.166666667,0.251,0.041833333,125,-69.20498441
dopa,AS35,-0.036787975,AS35,3.99,2.65260223,0.5,0.5,0.1655,0.08275,125,-55.57095874
h2o2,AS133,0.00924644,AS133,5.22,2.6756743,0.333333333,0.666666667,0.2178,0.1452,125,7.960089423
h2o2,AS156,0.01315269,AS156,4.39,2.956116505,0.833333333,0.166666667,0.251,0.041833333,125,39.30086647
h2o2,AS35,0.002788766,AS35,3.99,2.65260223,0.5,0.5,0.1655,0.08275,125,4.212637195
dopa,AS14,-0.018413766,AS14,4.8,3.225714286,0.272727273,0.727272727,0.3229,0.234836364,125,-9.80138122
dopa,AS31,-0.013370253,AS31,3.92,2.871863118,0.2,0.8,0.2161,0.17288,125,-9.667293184
dopa,CO199,-0.02825356,CO199,4.01,3.801648352,0,1,0.27,0.27,125,-13.08035191
h2o2,AS14,0.008475079,AS14,4.8,3.225714286,0.272727273,0.727272727,0.3229,0.234836364,125,4.511162033
h2o2,AS31,0.015437104,AS31,3.92,2.871863118,0.2,0.8,0.2161,0.17288,125,11.16171942
h2o2,CO199,0.005706092,CO199,4.01,3.801648352,0,1,0.27,0.27,125,2.641709154
dopa,AS167,-0.014349288,AS167,4.16,2.935191638,0,1,0.2244,0.2244,125,-7.993141697
dopa,QR41,-0.01444818,QR41,3.69,3.945092251,0.307692308,0.692307692,0.1421,0.098376923,125,-18.35819308
dopa,CO107,-0.025998813,CO107,6.73,3.719668508,0.2,0.8,0.3281,0.26248,125,-12.38133062
h2o2,AS167,0.003975475,AS167,4.16,2.935191638,0,1,0.2244,0.2244,125,2.214502386
h2o2,QR41,0.005557753,QR41,3.69,3.945092251,0.307692308,0.692307692,0.1421,0.098376923,125,7.061810071
h2o2,CO107,0.007021361,CO107,6.73,3.719668508,0.2,0.8,0.3281,0.26248,125,3.343759886
dopa,QR32,0.00963212,QR32,4,3.796309963,0,1,0.1936,0.1936,125,6.219085907
dopa,AS70,-0.002541535,AS70,4.2,2.823230241,0.25,0.75,0.2163,0.162225,125,-1.958340892
dopa,QR202,-0.026542722,QR202,4.01,4.048235294,0,1,0.2602,0.2602,125,-12.75111526
h2o2,QR32,0.002976661,QR32,4,3.796309963,0,1,0.1936,0.1936,125,1.921914639
h2o2,AS70,0.005775316,AS70,4.2,2.823230241,0.25,0.75,0.2163,0.162225,125,4.450082028
h2o2,QR202,0.007525712,QR202,4.01,4.048235294,0,1,0.2602,0.2602,125,3.615349743
dopa,AS166,0.017256725,AS166,5.34,3.014851485,0.333333333,0.666666667,0.3061,0.204066667,125,10.57051902
dopa,AS76,-0.004222706,AS76,4.01,2.335384615,0.25,0.75,0.2446,0.18345,125,-2.87728652
dopa,QR63,-0.008188291,QR63,5.21,3.497142857,0,1,0.2773,0.2773,125,-3.69107967
h2o2,AS166,0.007021361,AS166,5.34,3.014851485,0.333333333,0.666666667,0.3061,0.204066667,125,4.300898857
h2o2,AS76,0.006981804,AS76,4.01,2.335384615,0.25,0.75,0.2446,0.18345,125,4.757293402
h2o2,QR63,0.00820807,QR63,5.21,3.497142857,0,1,0.2773,0.2773,125,3.699995321
dopa,AS39,-0.002759098,AS39,4.26,2.931672241,0,1,0.2036,0.2036,125,-1.693945298
dopa,QR180,-0.007327927,QR180,3.01,3.779069767,0.285714286,0.714285714,0.2501,0.178642857,125,-5.127498056
dopa,QR144,-0.028303006,QR144,3.74,3.771851852,0,1,0.2824,0.2824,125,-12.52788878
h2o2,AS39,0.004064478,AS39,4.26,2.931672241,0,1,0.2036,0.2036,125,2.495381783
h2o2,QR180,0.005804984,QR180,3.01,3.779069767,0.285714286,0.714285714,0.2501,0.178642857,125,4.061864182
h2o2,QR144,0.003540348,QR144,3.74,3.771851852,0,1,0.2824,0.2824,125,1.567080427
dopa,AS12,0.010037579,AS12,5.15,2.212248062,0.833333333,0.166666667,0.1617,0.02695,125,46.5564894
dopa,AS128,0.007080696,AS128,4.07,3.018844765,0.333333333,0.666666667,0.3185,0.212333333,125,4.168384741
h2o2,AS12,-0.001335047,AS12,5.15,2.212248062,0.833333333,0.166666667,0.1617,0.02695,125,-6.192242432
h2o2,AS128,0.003589794,AS128,4.07,3.018844765,0.333333333,0.666666667,0.3185,0.212333333,125,2.113301203
dopa,AS68,0.017395174,AS68,4,2.540590406,0.142857143,0.857142857,0.3728,0.319542857,125,6.804710882
dopa,CO190,-0.00273932,CO190,4,3.694301471,0.142857143,0.857142857,0.1607,0.137742857,125,-2.485899886
dopa,AS146,-0.007792722,AS146,3.98,2.611375465,0,1,0.2718,0.2718,125,-3.583849117
h2o2,AS68,0.006942247,AS68,4,2.540590406,0.142857143,0.857142857,0.3728,0.319542857,125,2.715694735
h2o2,CO190,0.008109177,CO190,4,3.694301471,0.142857143,0.857142857,0.1607,0.137742857,125,7.358981612
h2o2,AS146,0.001414161,AS146,3.98,2.611375465,0,1,0.2718,0.2718,125,0.650368558
dopa,AS24,-0.010067247,AS24,3.98,2.843796992,0.222222222,0.777777778,0.3048,0.237066667,125,-5.308236161
dopa,QR142,-0.025682358,QR142,4.15,3.691258741,0.125,0.875,0.1922,0.168175,125,-19.08901263
h2o2,AS24,0.000445016,AS24,3.98,2.843796992,0.222222222,0.777777778,0.3048,0.237066667,125,0.234646982
h2o2,QR142,0.002403085,QR142,4.15,3.691258741,0.125,0.875,0.1922,0.168175,125,1.78614943
dopa,CO118,0.004855617,CO118,4.82,3.730909091,0.3,0.7,0.3782,0.26474,125,2.292634797
dopa,QR2,0.013380142,QR2,4.34,4.120131148,0.166666667,0.833333333,0.3221,0.268416667,125,6.231050476
dopa,AS48,-0.007871835,AS48,5.25,2.940429293,0.5,0.5,0.335,0.1675,125,-5.874504062
h2o2,CO118,0.003926028,CO118,4.82,3.730909091,0.3,0.7,0.3782,0.26474,125,1.85371897
h2o2,QR2,-0.001780063,QR2,4.34,4.120131148,0.166666667,0.833333333,0.3221,0.268416667,125,-0.828964587
h2o2,AS48,-0.001789953,AS48,5.25,2.940429293,0.5,0.5,0.335,0.1675,125,-1.335785471
dopa,CO132,-0.003846915,CO132,4.25,3.2775,0.5,0.5,0.218,0.109,125,-4.411599263
dopa,CO106,-0.012163766,CO106,4.23,3.241216216,0.222222222,0.777777778,0.2703,0.210233333,125,-7.232300921
dopa,QR90,-0.028214003,QR90,3.94,3.926917293,0,1,0.1658,0.1658,125,-21.27111216
h2o2,CO132,0.003688687,CO132,4.25,3.2775,0.5,0.5,0.218,0.109,125,4.230145308
h2o2,CO106,0.002017405,CO106,4.23,3.241216216,0.222222222,0.777777778,0.2703,0.210233333,125,1.199503567
h2o2,QR90,0.003431566,QR90,3.94,3.926917293,0,1,0.1658,0.1658,125,2.587127907
dopa,AS27,0.006912579,AS27,5.42,5.731084337,0.777777778,0.222222222,0.3278,0.072844444,125,11.86188461
dopa,CO180,-0.007001582,CO180,3.97,2.55762963,0,1,0.2793,0.2793,125,-3.133540225
dopa,QR157,-0.008929984,QR157,4.37,4.435598706,0.285714286,0.714285714,0.2406,0.171857143,125,-6.495208769
h2o2,AS27,0.022814478,AS27,5.42,5.731084337,0.777777778,0.222222222,0.3278,0.072844444,125,39.14931015
h2o2,CO180,0.002857991,CO180,3.97,2.55762963,0,1,0.2793,0.2793,125,1.279086335
h2o2,QR157,0.002927215,QR157,4.37,4.435598706,0.285714286,0.714285714,0.2406,0.171857143,125,2.129104978
dopa,CO74,-0.011817642,CO74,4.2,3.572646048,0,1,0.1456,0.1456,125,-10.1456408
dopa,AS123,-0.008346519,AS123,3.96,2.992238806,0,1,0.2114,0.2114,125,-4.935264302
dopa,QR57,-0.028006329,QR57,3.53,3.980533333,0,1,0.1945,0.1945,125,-17.99892617
h2o2,CO74,0.000464794,CO74,4.2,3.572646048,0,1,0.1456,0.1456,125,0.399033571
h2o2,AS123,-0.004469937,AS123,3.96,2.992238806,0,1,0.2114,0.2114,125,-2.643056238
h2o2,QR57,0.001513054,QR57,3.53,3.980533333,0,1,0.1945,0.1945,125,0.972399613
dopa,AS204,-0.030765427,AS204,4.07,2.712841727,0.222222222,0.777777778,0.1346,0.104688889,125,-36.73435107
dopa,QR154,-0.028115111,QR154,4.79,3.692857143,0.428571428,0.571428572,0.1803,0.103028571,125,-34.1108181
dopa,QR129,-0.045579509,QR129,4.38,3.180868167,0.1,0.9,0.2071,0.18639,125,-30.56729807
h2o2,AS204,-0.000415348,AS204,4.07,2.712841727,0.222222222,0.777777778,0.1346,0.104688889,125,-0.495931451
h2o2,QR154,0.00885087,QR154,4.79,3.692857143,0.428571428,0.571428572,0.1803,0.103028571,125,10.7383687
h2o2,QR129,0.000504351,QR129,4.38,3.180868167,0.1,0.9,0.2071,0.18639,125,0.338236538
dopa,QR191,-0.016495253,QR191,3.98,3.022361624,0,1,0.189,0.189,125,-10.90955897
dopa,CO109,-0.021509098,CO109,3.98,3.644029851,0,1,0.1779,0.1779,125,-15.11319428
dopa,CO154,-0.048714399,CO154,3.61,2.519742489,0.181818182,0.818181818,0.2859,0.233918182,125,-26.03175089
h2o2,QR191,2.97E-05,QR191,3.98,3.022361624,0,1,0.189,0.189,125,0.019621509
h2o2,CO109,0.003431566,CO109,3.98,3.644029851,0,1,0.1779,0.1779,125,2.41116249
h2o2,CO154,0.0140625,CO154,3.61,2.519742489,0.181818182,0.818181818,0.2859,0.233918182,125,7.514646724
dopa,QR45,-0.017810522,QR45,4.02,5.171386861,0,1,0.193,0.193,125,-11.53531227
dopa,QR81,-0.029390823,QR81,3.47,4.169447005,0.017492711,0.982507289,0.2293,0.225288921,125,-16.30729479
dopa,CO87,-0.045500396,CO87,5.3,4.012119701,0.142857143,0.857142857,0.2398,0.205542857,125,-27.67086888
h2o2,QR45,0.001869066,QR45,4.02,5.171386861,0,1,0.193,0.193,125,1.210535269
h2o2,QR81,0.001888845,QR81,3.47,4.169447005,0.017492711,0.982507289,0.2293,0.225288921,125,1.048012552
h2o2,CO87,0.00572587,CO87,5.3,4.012119701,0.142857143,0.857142857,0.2398,0.205542857,125,3.482163244
dopa,CO158,-0.012846123,CO158,5.3,4.081795511,0,1,0.1617,0.1617,125,-9.930522123
dopa,QR152,0.003075554,QR152,3.64,3.79809322,0.222222222,0.777777778,0.2268,0.1764,125,2.179389029
dopa,CO154,-0.055656646,CO154,3.61,2.519742489,0.181818182,0.818181818,0.2859,0.233918182,125,-29.74151319
h2o2,CO158,0.003817247,CO158,5.3,4.081795511,0,1,0.1617,0.1617,125,2.950871085
h2o2,QR152,0.007011472,QR152,3.64,3.79809322,0.222222222,0.777777778,0.2268,0.1764,125,4.968446371
h2o2,CO154,0.004568829,CO154,3.61,2.519742489,0.181818182,0.818181818,0.2859,0.233918182,125,2.441467501
dopa,AS188,0.001473497,AS188,4,2.441174497,0.545454546,0.454545454,0.2123,0.0965,125,1.908674657
dopa,AS16,0.006368671,AS16,2.54,1.390327869,0.3,0.7,0.3254,0.22778,125,3.494968218
dopa,AS5,0.013053797,AS5,4.43,2.933333333,0,1,0.2281,0.2281,125,7.153549687
h2o2,AS188,0.000662579,AS188,4,2.441174497,0.545454546,0.454545454,0.2123,0.0965,125,0.858263101
h2o2,AS16,0.000850475,AS16,2.54,1.390327869,0.3,0.7,0.3254,0.22778,125,0.466719358
h2o2,AS5,-0.005943434,AS5,4.43,2.933333333,0,1,0.2281,0.2281,125,-3.25703285
dopa,CO30,0.005626978,CO30,4.27,3.369899666,-0.2,1.2,0.18035,0.21642,125,3.250033412
dopa,CO197,0.00703125,CO197,4.04,2.400652174,0,1,0.16949,0.16949,125,5.185593545
dopa,QR135,0.015862342,QR135,4.61,4.302972973,0.5,0.5,0.20386,0.10193,125,19.45249408
h2o2,CO30,-0.026008703,CO30,4.27,3.369899666,-0.2,1.2,0.18035,0.21642,125,-15.0221228
h2o2,CO197,-0.025029668,CO197,4.04,2.400652174,0,1,0.16949,0.16949,125,-18.45954608
h2o2,QR135,-0.041653481,QR135,4.61,4.302972973,0.5,0.5,0.20386,0.10193,125,-51.08098819
dopa,CO135,0.005409415,CO135,4.14,4.149407666,0.285714286,0.714285714,0.22114,0.157957143,125,4.280761267
dopa,QR88,0.008435522,QR88,4.06,4.092753623,0,1,0.26048,0.26048,125,4.048066143
dopa,CO56,-0.014932753,CO56,2.11,0.350617284,0.200000001,0.799999999,0.19892,0.159136,125,-11.729553
h2o2,CO135,0.000979035,CO135,4.14,4.149407666,0.285714286,0.714285714,0.22114,0.157957143,125,0.774763008
h2o2,QR88,0.003678797,QR88,4.06,4.092753623,0,1,0.26048,0.26048,125,1.765393441
h2o2,CO56,0.004549051,CO56,2.11,0.350617284,0.200000001,0.799999999,0.19892,0.159136,125,3.57324131
dopa,CO44,-0.01119462,CO44,4.11,3.565531915,0.5,0.5,0.2657,0.13285,125,-10.53313912
dopa,QR130,-0.018977453,QR130,4.4,2.776688103,0.444444444,0.555555556,0.19602,0.1089,125,-21.78311815
dopa,QR54,-0.045984968,QR54,4.08,3.982392857,0.375,0.625,0.17618,0.1101125,125,-52.20225719
h2o2,CO44,0.013221915,CO44,4.11,3.565531915,0.5,0.5,0.2657,0.13285,125,12.44064223
h2o2,QR130,0.011797864,QR130,4.4,2.776688103,0.444444444,0.555555556,0.19602,0.1089,125,13.54208439
h2o2,QR54,0.006210443,QR54,4.08,3.982392857,0.375,0.625,0.17618,0.1101125,125,7.050111293
dopa,CO16,-0.021499209,CO16,4.12,2.634893617,0,1,0.18014,0.18014,125,-14.91840295
dopa,QR173,-0.023803402,QR173,4.42,4.03629393,0.111111111,0.888888889,0.17426,0.154897778,125,-19.2089601
dopa,CO7,-0.017761076,CO7,4.49,4.088909657,0.5,0.5,0.22574,0.11287,125,-19.66983692
h2o2,CO16,0.00286788,CO16,4.12,2.634893617,0,1,0.18014,0.18014,125,1.990035352
h2o2,QR173,0.002630538,QR173,4.42,4.03629393,0.111111111,0.888888889,0.17426,0.154897778,125,2.122801573
h2o2,CO7,0.003896361,CO7,4.49,4.088909657,0.5,0.5,0.22574,0.11287,125,4.315097855
dopa,QR169,0.008475079,QR169,5.5,4.036777251,0.111111111,0.888888889,0.18487,0.164328889,125,6.446735542
dopa,CO58,-0.003303006,CO58,4.28,3.99833887,0,1,0.23432,0.23432,125,-1.762016862
dopa,AS93,-0.001552611,AS93,6.13,2.989958678,0.142857143,0.857142857,0.17169,0.147162857,125,-1.3187862
h2o2,QR169,0.000712025,QR169,5.5,4.036777251,0.111111111,0.888888889,0.18487,0.164328889,125,0.541616055
h2o2,CO58,-0.00090981,CO58,4.28,3.99833887,0,1,0.23432,0.23432,125,-0.485345962
h2o2,AS93,0.00195807,AS93,6.13,2.989958678,0.142857143,0.857142857,0.17169,0.147162857,125,1.663182596
dopa,CO78,0.030903877,CO78,5.73,3.820224719,0.111111111,0.888888889,22753,20224.88889,125,0.000191002
dopa,CO51,-9.89E-05,CO51,6.3,7.099601594,0.1,0.9,0.28522,0.256698,125,-0.048156007
dopa,QR31,-0.010957278,QR31,4.23,3.629322034,0,1,0.15099,0.15099,125,-9.07119551
h2o2,CO78,0.00247231,CO78,5.73,3.820224719,0.111111111,0.888888889,22753,20224.88889,125,1.53E-05
h2o2,CO51,0.004598497,CO51,6.3,7.099601594,0.1,0.9,0.28522,0.256698,125,2.239254316
h2o2,QR31,0.002027294,QR31,4.23,3.629322034,0,1,0.15099,0.15099,125,1.678334909
dopa,CO49,0.009721123,CO49,4.24,3.528338983,0.857142857,0.142857143,0.28911,0.041301429,125,29.42126838
dopa,CO142,-0.005172073,CO142,4.37,3.067184466,0,1,0.1793,0.1793,125,-3.605739532
dopa,QR109,-0.020806962,QR109,5.09,3.981530343,0.307692308,0.692307692,0.19475,0.134826923,125,-19.29043692
h2o2,CO49,0.001641614,CO49,4.24,3.528338983,0.857142857,0.142857143,0.28911,0.041301429,125,4.968393237
h2o2,CO142,-0.001424051,CO142,4.37,3.067184466,0,1,0.1793,0.1793,125,-0.992784881
h2o2,QR109,0.003876582,QR109,5.09,3.981530343,0.307692308,0.692307692,0.19475,0.134826923,125,3.594035776
dopa,CO117,0.018304984,CO117,4.28,2.010033445,0,1,0.27809,0.27809,125,8.227994614
dopa,CO91,0.007011472,CO91,4.03,3.035036496,0,1,0.33251,0.33251,125,2.635812276
dopa,AS61,-0.006813687,AS61,6.32,3.762599206,0.25,0.75,0.20993,0.1574475,125,-5.409491028
h2o2,CO117,0.010502373,CO117,4.28,2.010033445,0,1,0.27809,0.27809,125,4.720761902
h2o2,CO91,0.003916139,CO91,4.03,3.035036496,0,1,0.33251,0.33251,125,1.472188521
h2o2,AS61,-6.92E-05,AS61,6.32,3.762599206,0.25,0.75,0.20993,0.1574475,125,-0.054958545
dopa,CO172,0.020490506,CO172,4.19,4.159446367,0.25,0.75,0.2603,0.195225,125,13.11980172
dopa,QR16,0.008316851,QR16,4.24,3.775878378,0.1,0.9,0.2145,0.19305,125,5.38516658
dopa,AS197,0.014200949,AS197,4.74,2.564186047,0,1,0.2434,0.2434,125,7.293010152
h2o2,CO172,0.004905063,CO172,4.19,4.159446367,0.25,0.75,0.2603,0.195225,125,3.140647516
h2o2,QR16,-0.000148339,QR16,4.24,3.775878378,0.1,0.9,0.2145,0.19305,125,-0.096049344
h2o2,AS197,0.005350079,AS197,4.74,2.564186047,0,1,0.2434,0.2434,125,2.747575552
dopa,AS111,-0.006843354,AS111,7.65,2.92477237,0.272727272,0.727272728,0.22313,0.162276364,125,-5.27137337
dopa,AS170,-0.012035206,AS170,4.4,3.225,0,1,0.27582,0.27582,125,-5.454284359
dopa,AS187,-0.033573972,AS187,4.35,1.834491803,0.3,0.7,0.25011,0.175077,125,-23.97086105
h2o2,AS111,-0.002848101,AS111,7.65,2.92477237,0.272727272,0.727272728,0.22313,0.162276364,125,-2.193866374
h2o2,AS170,-8.90E-05,AS170,4.4,3.225,0,1,0.27582,0.27582,125,-0.04033571
h2o2,AS187,0.003105222,AS187,4.35,1.834491803,0.3,0.7,0.25011,0.175077,125,2.217039873
dopa,AS20,0.01940269,AS20,4.08,2.509784946,0.111111111,0.888888889,0.1987,0.176622222,125,13.73177286
dopa,CO73,0.020876187,CO73,4.13,3.559157895,0.25,0.75,0.1663,0.124725,125,20.92221558
dopa,AS32,-0.003668908,AS32,5.45,5.985542169,0.6,0.4,0.443,0.1772,125,-2.588112463
h2o2,AS20,-0.002333861,AS20,4.08,2.509784946,0.111111111,0.888888889,0.1987,0.176622222,125,-1.651732107
h2o2,CO73,0.004212816,CO73,4.13,3.559157895,0.25,0.75,0.1663,0.124725,125,4.222105087
h2o2,AS32,0.008702532,AS32,5.45,5.985542169,0.6,0.4,0.443,0.1772,125,6.13891905
dopa,QR10,0.013943829,QR10,4.87,3.986890756,0.25,0.75,0.1971,0.147825,125,11.79082455
dopa,AS98,0.001186709,AS98,4.12,2.650918728,0.333333333,0.666666667,0.2672,0.178133333,125,0.832739191
dopa,CO136,0.010363924,CO136,5.01,3.349595687,0.454545455,0.545454545,0.2966,0.161781818,125,8.007639686
h2o2,QR10,0.004766614,QR10,4.87,3.986890756,0.25,0.75,0.1971,0.147825,125,4.030622293
h2o2,AS98,-0.001938291,AS98,4.12,2.650918728,0.333333333,0.666666667,0.2672,0.178133333,125,-1.360140678
h2o2,CO136,0.009127769,CO136,5.01,3.349595687,0.454545455,0.545454545,0.2966,0.161781818,125,7.052529991
dopa,QR69,-0.034315665,QR69,4.15,3.504561404,0.5,0.5,0.2175,0.10875,125,-39.44329259
dopa,QR76,-0.004489715,QR76,4.38,4.811488673,0.416666667,0.583333333,0.214,0.124833333,125,-4.495709481
dopa,QR17,-0.030162184,QR17,4.04,3.676449275,1,0,0.2081,0,125,#NAME?
h2o2,QR69,0.00572587,QR69,4.15,3.504561404,0.5,0.5,0.2175,0.10875,125,6.581460061
h2o2,QR76,0.008603639,QR76,4.38,4.811488673,0.416666667,0.583333333,0.214,0.124833333,125,8.615126098
h2o2,QR17,0.008267405,QR17,4.04,3.676449275,1,0,0.2081,0,125,Inf
dopa,CO34,-0.020905854,CO34,4.15,4.812832168,0.25,0.75,0.2916,0.2187,125,-11.94893372
dopa,QR25,-0.026443829,QR25,4.01,3.668571429,0,1,0.1525,0.1525,125,-21.67526977
dopa,AS147,-0.044125791,AS147,4.45,3.592176656,0.125,0.875,0.2517,0.2202375,125,-25.04443563
h2o2,CO34,0.003342563,CO34,4.15,4.812832168,0.25,0.75,0.2916,0.2187,125,1.910472846
h2o2,QR35,0.00039557,QR35,2.09,0.46325,0.214285714,0.785714286,0.2125,0.166964286,125,0.296148378
h2o2,AS147,0.000148339,AS147,4.45,3.592176656,0.125,0.875,0.2517,0.2202375,125,0.08419241
dopa,AS184,-0.032110364,AS184,4.88,3.303351955,0.571428571,0.428571429,0.2806,0.120257143,125,-33.37677406
dopa,CO48,-0.030132516,CO48,4.38,2.904387097,0.5,0.5,0.2214,0.1107,125,-34.0249727
dopa,AS112,-0.051048259,AS112,4.38,2.99483871,0,1,0.191,0.191,125,-33.40854679
h2o2,AS184,0.012015427,AS184,4.88,3.303351955,0.571428571,0.428571429,0.2806,0.120257143,125,12.4893072
h2o2,CO48,0.004964399,CO48,4.38,2.904387097,0.5,0.5,0.2214,0.1107,125,5.605689628
h2o2,AS112,0.001582278,AS112,4.38,2.99483871,0,1,0.191,0.191,125,1.035522566
dopa,AS153,-0.019827927,AS153,3.95,3.415488722,0.75,0.25,0.21,0.0525,125,-47.20935051
dopa,CO82,-0.022448576,CO82,3.98,2.374126394,0.285714286,0.714285714,0.2103,0.150214286,125,-18.68046022
dopa,AS195,-0.032496044,AS195,4.12,3.532042254,0.285714286,0.714285714,0.2025,0.144642857,125,-28.08300128
h2o2,AS153,-0.00025712,AS153,3.95,3.415488722,0.75,0.25,0.21,0.0525,125,-0.612191079
h2o2,CO82,0.010354035,CO82,3.98,2.374126394,0.285714286,0.714285714,0.2103,0.150214286,125,8.616053677
h2o2,AS195,0.000692247,AS195,4.12,3.532042254,0.285714286,0.714285714,0.2025,0.144642857,125,0.598238007
dopa,QR70,-0.007861946,QR70,4.24,4.335204082,0,1,0.2162,0.2162,125,-4.545528563
dopa,QR67,-0.016079905,QR67,3.59,3.704608696,0.285714286,0.714285714,0.18,0.128571429,125,-15.63324098
dopa,AS130,-0.024505538,AS130,4.14,3.107727273,0,1,0.2516,0.2516,125,-12.17484995
h2o2,QR70,-0.001878956,QR70,4.24,4.335204082,0,1,0.2162,0.2162,125,-1.086352738
h2o2,QR67,0.002096519,QR67,3.59,3.704608696,0.285714286,0.714285714,0.18,0.128571429,125,2.038282342
h2o2,AS130,0.003095332,AS130,4.14,3.107727273,0,1,0.2516,0.2516,125,1.537824065
dopa,QR72,0.009256329,QR72,4.49,3.58659375,0,1,0.2628,0.2628,125,4.402744061
dopa,CO67,0.006714794,CO67,4.18,3.189690722,0,1,0.3118,0.3118,125,2.691947684
dopa,QR136,0.022745253,QR136,4.19,4.072724138,0.333333333,0.666666667,0.1616,0.107733333,125,26.39068677
h2o2,QR72,-0.013251582,QR72,4.49,3.58659375,0,1,0.2628,0.2628,125,-6.303073763
h2o2,CO67,0.003718354,CO67,4.18,3.189690722,0,1,0.3118,0.3118,125,1.490680897
h2o2,QR136,-0.000870253,QR136,4.19,4.072724138,0.333333333,0.666666667,0.1616,0.107733333,125,-1.009730624
dopa,QR110,0.008425633,QR110,5.45,4.189661836,0,1,0.2368,0.2368,125,4.447652508
dopa,QR96,0.007950949,QR96,4.3,3.717275748,0.363636364,0.636363636,0.2629,0.1673,125,5.940637602
dopa,CO121,0.008524525,CO121,4.5,3.373021807,0,1,0.1754,0.1754,125,6.075060801
h2o2,QR110,0.006892801,QR110,5.45,4.189661836,0,1,0.2368,0.2368,125,3.638513848
h2o2,QR96,0.002116297,QR96,4.3,3.717275748,0.363636364,0.636363636,0.2629,0.1673,125,1.581214486
h2o2,CO121,0.005626978,CO121,4.5,3.373021807,0,1,0.1754,0.1754,125,4.01010394
dopa,QR59,0.012796677,QR59,4.1,3.793392857,0,1,0.2786,0.2786,125,5.741509878
dopa,AS178,0.008801424,AS178,3.74,2.698340081,0,1,0.1787,0.1787,125,6.156564109
dopa,CO108,0.008860759,CO108,4.7,3.155321637,0,1,0.2364,0.2364,125,4.685257769
h2o2,QR59,0.002660206,QR59,4.1,3.793392857,0,1,0.2786,0.2786,125,1.193559627
h2o2,AS178,-0.001730617,AS178,3.74,2.698340081,0,1,0.1787,0.1787,125,-1.210560359
h2o2,CO108,0.005251187,CO108,4.7,3.155321637,0,1,0.2364,0.2364,125,2.776642718
dopa,QR183,0.002096519,QR183,4.45,3.201550633,0.285714286,0.714285714,0.1943,0.138785714,125,1.888269807
dopa,AS9,0.004727057,AS9,3.78,2.34304,0.142857143,0.857142857,0.2356,0.201942857,125,2.925986732
dopa,AS4,0.003935918,AS4,4.17,2.630833333,0,1,0.2494,0.2494,125,1.972693325
h2o2,QR183,0.006754351,QR183,4.45,3.201550633,0.285714286,0.714285714,0.1943,0.138785714,125,6.083435275
h2o2,AS9,0.003055775,AS9,3.78,2.34304,0.142857143,0.857142857,0.2356,0.201942857,125,1.891485147
h2o2,AS4,0.00416337,AS4,4.17,2.630833333,0,1,0.2494,0.2494,125,2.08669319
dopa,AS148,0.004361155,AS148,4.66,1.846309524,0.111111111,0.888888889,0.2501,0.222311111,125,2.452168857
dopa,QR198,0.006418117,QR198,4.09,2.827304965,0,1,0.268,0.268,125,2.993524761
dopa,AS84,0.00977057,AS84,4.54,2.060092593,0.142857143,0.857142857,0.2741,0.234942857,125,5.198375546
h2o2,AS148,0.017395174,AS148,4.66,1.846309524,0.111111111,0.888888889,0.2501,0.222311111,125,9.780873059
h2o2,QR198,0.004282041,QR198,4.09,2.827304965,0,1,0.268,0.268,125,1.997220681
h2o2,AS84,0.017306171,AS84,4.54,2.060092593,0.142857143,0.857142857,0.2741,0.234942857,125,9.207648993
dopa,CO41,-0.017325949,CO41,4.06,3.686546763,0.444444444,0.555555556,0.2993,0.166277778,125,-13.02485333
dopa,AS198,-0.028223892,AS198,4.44,2.917714286,0,1,0.2068,0.2068,125,-17.05989628
dopa,CO187,-0.047033228,CO187,4.65,3.33125,0,1,0.2014,0.2014,125,-29.19142741
h2o2,CO41,0.003273339,CO41,4.06,3.686546763,0.444444444,0.555555556,0.2993,0.166277778,125,2.460745692
h2o2,AS198,-0.003026108,AS198,4.44,2.917714286,0,1,0.2068,0.2068,125,-1.829126931
h2o2,CO187,0.000365902,CO187,4.65,3.33125,0,1,0.2014,0.2014,125,0.227098994
dopa,QR98,0.014537184,QR98,3.42,5.138790698,0.71875,0.28125,0.2028,0.0570375,125,31.85882872
dopa,CO114,0.000672468,CO114,2.82,1.89379085,0.25,0.75,0.2602,0.19515,125,0.430738121
dopa,CO62,-0.006348892,CO62,3.19,2.994761905,0.434782609,0.565217391,0.2804,0.158486956,125,-5.007425031
h2o2,QR98,-0.000227453,QR98,3.42,5.138790698,0.71875,0.28125,0.2028,0.0570375,125,-0.49847147
h2o2,CO114,0.005567642,CO114,2.82,1.89379085,0.25,0.75,0.2602,0.19515,125,3.566258266
h2o2,CO62,0.005646756,CO62,3.19,2.994761905,0.434782609,0.565217391,0.2804,0.158486956,125,4.453644382
dopa,QR52,0.020411392,QR52,3.39,2.257714286,0.111111111,0.888888889,0.2309,0.205244444,125,12.43114796
dopa,CO40,0.007337816,CO40,3.47,9.766451613,0.862068966,0.137931034,0.3875,0.053448276,125,17.16102231
dopa,CO185,0.005241297,CO185,2.05,0.471298701,0.375,0.625,0.2149,0.1343125,125,4.87789434
h2o2,QR52,0.002788766,QR52,3.39,2.257714286,0.111111111,0.888888889,0.2309,0.205244444,125,1.698441727
h2o2,CO40,0.011876978,CO40,3.47,9.766451613,0.862068966,0.137931034,0.3875,0.053448276,125,27.77680296
h2o2,CO185,0.000375791,CO185,2.05,0.471298701,0.375,0.625,0.2149,0.1343125,125,0.349735821
dopa,QR82,0.02200356,QR82,3.09,0.834033149,0.166666667,0.833333333,0.2145,0.17875,125,15.38710498
dopa,QR151,0.006843354,QR151,3.33,1.049560976,0.400000001,0.599999999,0.2265,0.1359,125,6.294476113
dopa,CO164,0.008178402,CO164,2.13,0.675903614,0.249999999,0.750000001,0.2456,0.1842,125,5.549947
h2o2,QR82,0.003283228,QR82,3.09,0.834033149,0.166666667,0.833333333,0.2145,0.17875,125,2.29596353
h2o2,QR151,0.009266218,QR151,3.33,1.049560976,0.400000001,0.599999999,0.2265,0.1359,125,8.523011731
h2o2,CO164,-0.000543908,CO164,2.13,0.675903614,0.249999999,0.750000001,0.2456,0.1842,125,-0.369101675
dopa,QR62,-0.01171875,QR62,3.02,1.249824561,0,1,0.1963,0.1963,125,-7.462270759
dopa,QR38,-0.018730222,QR38,3.1,1.59,0,1,0.2338,0.2338,125,-10.0140192
dopa,CO131,-0.008247627,CO131,3.05,2.351123596,0.142857143,0.857142857,0.3079,0.263914286,125,-3.906394528
h2o2,QR62,0.001473497,QR62,3.02,1.249824561,0,1,0.1963,0.1963,125,0.93829396
h2o2,QR38,0.001928402,QR38,3.1,1.59,0,1,0.2338,0.2338,125,1.031010425
h2o2,CO131,0.009849684,CO131,3.05,2.351123596,0.142857143,0.857142857,0.3079,0.263914286,125,4.665190588
dopa,QR29,-0.01523932,QR29,2.1,0.684878049,0.25,0.75,0.3023,0.226725,125,-8.401874308
dopa,QR125,-0.017236946,QR125,3.3,2.800990099,0.1,0.9,0.2052,0.18468,125,-11.66676562
dopa,QR172,-0.03099288,QR172,2.28,0.58040404,0.230769231,0.769230769,0.248,0.190769231,125,-20.30783449
h2o2,QR29,-0.001285601,QR29,2.1,0.684878049,0.25,0.75,0.3023,0.226725,125,-0.708788877
h2o2,QR125,-0.001720728,QR125,3.3,2.800990099,0.1,0.9,0.2052,0.18468,125,-1.164668513
h2o2,QR172,0.002284415,QR172,2.28,0.58040404,0.230769231,0.769230769,0.248,0.190769231,125,1.496844214
dopa,AS91,0.007149921,AS91,2,0.437183099,0.250000001,0.749999999,0.3184,0.2388,125,3.74263028
dopa,CO145,0.009048655,CO145,3.57,2.142035398,0.8125,0.1875,0.346,0.064875,125,17.43478818
dopa,AS1,-0.000346123,AS1,3.21,1.687724868,0.181818182,0.818181818,0.2493,0.203972727,125,-0.212113785
h2o2,AS91,0.01055182,AS91,2,0.437183099,0.250000001,0.749999999,0.3184,0.2388,125,5.523356166
h2o2,CO145,0.002294304,CO145,3.57,2.142035398,0.8125,0.1875,0.346,0.064875,125,4.420623887
h2o2,AS1,-0.00181962,AS1,3.21,1.687724868,0.181818182,0.818181818,0.2493,0.203972727,125,-1.115112471
dopa,AS115,-0.008297073,AS115,1.99,0.14,0.090909093,0.909090907,0.4583,0.416636363,125,-2.489302879
dopa,AS59,-0.020470728,AS59,3.25,0.922538071,0,1,0.3177,0.3177,125,-8.054268118
dopa,AS56,-0.035591377,AS56,2.25,0.453229167,0.611111111,0.388888889,0.4146,0.161233333,125,-27.59306646
h2o2,AS115,0.000158228,AS115,1.99,0.14,0.090909093,0.909090907,0.4583,0.416636363,125,0.047471807
h2o2,AS59,-0.001374604,AS59,3.25,0.922538071,0,1,0.3177,0.3177,125,-0.540842159
h2o2,AS56,0.006299446,AS56,2.25,0.453229167,0.611111111,0.388888889,0.4146,0.161233333,125,4.883796425
dopa,AS43,-0.000919699,AS43,3,1.278953488,0.111111111,0.888888889,0.2791,0.248088889,125,-0.463392058
dopa,QR116,-0.013498813,QR116,2.45,0.448275862,0.454545454,0.545454546,0.3395,0.185181819,125,-9.111864602
dopa,CO168,0.007466377,CO168,4.29,3.597,0.333333333,0.666666667,0.6407,0.427133333,125,2.185025145
h2o2,AS43,0.001048259,AS43,3,1.278953488,0.111111111,0.888888889,0.2791,0.248088889,125,0.528167292
h2o2,QR116,-0.010423259,QR116,2.45,0.448275862,0.454545454,0.545454546,0.3395,0.185181819,125,-7.035828051
h2o2,CO168,0.002462421,CO168,4.29,3.597,0.333333333,0.666666667,0.6407,0.427133333,125,0.720624187
dopa,CO92,0.009048655,CO92,2.31,0.48,0.166666667,0.833333333,0.2841,0.23675,125,4.777536992
dopa,AS23,0.015259098,AS23,3,1.028901734,0,1,0.252,0.252,125,7.568997074
dopa,QR200,0.032693829,QR200,3.28,2.427,0,1,0.5744,0.5744,125,7.114778272
h2o2,CO92,0.013132911,CO92,2.31,0.48,0.166666667,0.833333333,0.2841,0.23675,125,6.933955329
h2o2,AS23,0.002976661,AS23,3,1.028901734,0,1,0.252,0.252,125,1.476518548
h2o2,QR200,0.017988528,QR200,3.28,2.427,0,1,0.5744,0.5744,125,3.914634506
dopa,QR7,-0.000435127,QR7,3.22,2.8209375,0.1,0.9,0.2204,0.19836,125,-0.274202575
dopa,CO111,0.003599684,CO111,2.92,0.930184049,0.076923077,0.923076923,0.2491,0.229938462,125,1.956873327
dopa,QR37,-0.006615902,QR37,3.51,1.977678571,0.111111111,0.888888889,0.3282,0.291733333,125,-2.834738591
h2o2,QR7,0.000336234,QR7,3.22,2.8209375,0.1,0.9,0.2204,0.19836,125,0.211883808
h2o2,CO111,0.001750396,CO111,2.92,0.930184049,0.076923077,0.923076923,0.2491,0.229938462,125,0.951556535
h2o2,QR37,0.009879351,QR37,3.51,1.977678571,0.111111111,0.888888889,0.3282,0.291733333,125,4.233040138
dopa,AS77,0.009394778,AS77,3.23,1.731139896,0.1,0.9,0.3304,0.29736,125,3.949244384
dopa,QR197,-0.008534415,QR197,3.13,2.127567568,0,1,0.3537,0.3537,125,-3.016120497
dopa,QR146,-0.012470332,QR146,3.07,1.097206704,0.181818182,0.818181818,0.02577,0.021084545,125,-73.93052754
h2o2,AS77,0.000840585,AS77,3.23,1.731139896,0.1,0.9,0.3304,0.29736,125,0.353353445
h2o2,QR197,0.013498813,QR197,3.13,2.127567568,0,1,0.3537,0.3537,125,4.770572975
h2o2,QR146,0.014705301,QR146,3.07,1.097206704,0.181818182,0.818181818,0.02577,0.021084545,125,87.18056658
dopa,AS21,0.019570807,AS21,2.84,0.752903226,0.400000001,0.599999999,0.2276,0.13656,125,17.91411006
dopa,QR140,0.003243671,QR140,2.94,1.622564103,0.142857143,0.857142857,0.2731,0.234085714,125,1.732095709
dopa,CO71,0.001048259,CO71,3.82,3.700787402,0.2,0.8,0.2138,0.17104,125,0.766092357
h2o2,AS21,0.000702136,AS21,2.84,0.752903226,0.400000001,0.599999999,0.2276,0.13656,125,0.642699249
h2o2,QR140,0.002106408,QR140,2.94,1.622564103,0.142857143,0.857142857,0.2731,0.234085714,125,1.124806055
h2o2,CO71,-0.00169106,CO71,3.82,3.700787402,0.2,0.8,0.2138,0.17104,125,-1.235865972
dopa,AS29,0.028411788,AS29,3.14,1.379032258,0.2,0.8,0.2931,0.23448,125,15.1461681
dopa,AS63,-0.005172073,AS63,2.91,2.377300613,0.384615384,0.615384616,0.2842,0.174892308,125,-3.696612535
dopa,QR186,0.021726661,QR186,2.53,0.781451613,0.1,0.9,0.2808,0.25272,125,10.74640976
h2o2,AS29,0.009098101,AS29,3.14,1.379032258,0.2,0.8,0.2931,0.23448,125,4.850147809
h2o2,AS63,-0.004371044,AS63,2.91,2.377300613,0.384615384,0.615384616,0.2842,0.174892308,125,-3.124097018
h2o2,QR186,0.008297073,QR186,2.53,0.781451613,0.1,0.9,0.2808,0.25272,125,4.103886112
dopa,QR104,-0.008504747,QR104,3.06,1.816363636,0.3,0.7,0.2471,0.17297,125,-6.146114092
dopa,AS144,-0.010996835,AS144,3.05,3.2984,0,1,0.2428,0.2428,125,-5.661468
dopa,AS45,-0.024287975,AS45,1.58,0.217241379,0.250000001,0.749999999,0.2041,0.153075,125,-19.83339432
h2o2,QR104,0.00286788,QR104,3.06,1.816363636,0.3,0.7,0.2471,0.17297,125,2.072526845
h2o2,AS144,-0.001829509,AS144,3.05,3.2984,0,1,0.2428,0.2428,125,-0.941880917
h2o2,AS45,-0.001414161,AS45,1.58,0.217241379,0.250000001,0.749999999,0.2041,0.153075,125,-1.154794539
dopa,AS33,0.015545886,AS33,3.15,1.127903226,0.142857143,0.857142857,0.2335,0.200142857,125,9.70924363
dopa,QR153,0.008514636,QR153,3.17,1.227606383,0.5,0.5,0.3264,0.1632,125,6.521626896
dopa,QR86,0.009078323,QR86,3.34,4.236,0.5,0.5,0.4849,0.24245,125,4.680512881
h2o2,AS33,0.005181962,AS33,3.15,1.127903226,0.142857143,0.857142857,0.2335,0.200142857,125,3.236414543
h2o2,QR153,0.016643592,QR153,3.17,1.227606383,0.5,0.5,0.3264,0.1632,125,12.74784909
h2o2,QR86,-0.002462421,QR86,3.34,4.236,0.5,0.5,0.4849,0.24245,125,-1.26955088
dopa,QR103,0.00976068,QR103,3.14,2.505073171,0.111111111,0.888888889,0.1954,0.173688889,125,7.024542874
dopa,AS143,0.003223892,AS143,3.09,1.266,0.222222222,0.777777778,0.2034,0.1582,125,2.547323329
dopa,CO64,0.002076741,CO64,1.46,0.430588235,0.666666666,0.333333334,0.2013,0.0671,125,3.868741629
h2o2,QR103,0.001869066,QR103,3.14,2.505073171,0.111111111,0.888888889,0.1954,0.173688889,125,1.345125231
h2o2,AS143,-9.89E-06,AS143,3.09,1.266,0.222222222,0.777777778,0.2034,0.1582,125,-0.007813875
h2o2,CO64,0.013568038,CO64,1.46,0.430588235,0.666666666,0.333333334,0.2013,0.0671,125,25.27577864
dopa,QR164,-0.020322389,QR164,2.89,1.954402516,0,1,0.2543,0.2543,125,-9.98937733
dopa,QR58,-0.017948972,QR58,3.04,2.0025,0.3,0.7,0.2034,0.14238,125,-15.75798174
dopa,CO63,-0.032802611,CO63,3.78,2.35336,0.461538462,0.538461538,0.2136,0.115015385,125,-35.65024231
h2o2,QR164,0.003678797,QR164,2.89,1.954402516,0,1,0.2543,0.2543,125,1.808296042
h2o2,QR58,0.01887856,QR58,3.04,2.0025,0.3,0.7,0.2034,0.14238,125,16.5740976
h2o2,CO63,0.015733782,CO63,3.78,2.35336,0.461538462,0.538461538,0.2136,0.115015385,125,17.09964894
dopa,QR105,-0.022250791,QR105,3.32,2.794079602,0.782608696,0.217391304,0.2031,0.044152174,125,-62.99460798
dopa,AS96,-0.028540348,AS96,4.17,3.125888502,0.4,0.6,0.2315,0.1389,125,-25.68425855
dopa,CO183,-0.049020965,CO183,2.77,1.243401361,0.052631579,0.947368421,0.2913,0.275968421,125,-22.2040646
h2o2,QR105,0.006971915,QR105,3.32,2.794079602,0.782608696,0.217391304,0.2031,0.044152174,125,19.7383105
h2o2,AS96,-0.000464794,AS96,4.17,3.125888502,0.4,0.6,0.2315,0.1389,125,-0.418281411
h2o2,CO183,-0.004232595,CO183,2.77,1.243401361,0.052631579,0.947368421,0.2913,0.275968421,125,-1.917155467
dopa,CO175,-0.008959652,CO175,3.07,7.391884058,0.71875,0.28125,0.2511,0.070621875,125,-15.85849267
dopa,QR195,-0.021607991,QR195,2.97,2.483452381,0,1,0.2793,0.2793,125,-9.670600835
dopa,QR189,-0.041129351,QR189,3.19,3.016354167,0,1,0.4122,0.4122,125,-12.47251069
h2o2,CO175,0.021014636,CO175,3.07,7.391884058,0.71875,0.28125,0.2511,0.070621875,125,37.19569198
h2o2,QR195,0.012994462,QR195,2.97,2.483452381,0,1,0.2793,0.2793,125,5.815638214
h2o2,QR189,0.003896361,QR189,3.19,3.016354167,0,1,0.4122,0.4122,125,1.181574709
dopa,CO149,0.007041139,CO149,2.8,0.830328947,0,1,0.246,0.246,125,3.577814655
dopa,AS200,0.00976068,AS200,3.9,2.177186312,0.25,0.75,0.3902,0.29265,125,4.169092935
dopa,CO39,0.011511076,CO39,3.59,1.658608696,0.368421053,0.631578947,0.2787,0.176021053,125,8.174502249
h2o2,CO149,0.00221519,CO149,2.8,0.830328947,0,1,0.246,0.246,125,1.12560461
h2o2,AS200,0.001157041,AS200,3.9,2.177186312,0.25,0.75,0.3902,0.29265,125,0.494208585
h2o2,CO39,0.007822389,CO39,3.59,1.658608696,0.368421053,0.631578947,0.2787,0.176021053,125,5.55500969
dopa,CO156,-0.010354035,CO156,2.77,0.8256,0.2,0.8,0.2442,0.19536,125,-6.624971086
dopa,QR112,-0.009948576,QR112,3.21,5.30984456,0.7,0.3,0.2344,0.07032,125,-17.6844709
dopa,CO138,-0.01197587,CO138,1.91,0.483870968,0.25,0.75,0.2081,0.156075,125,-9.591438614
h2o2,CO156,0.008692642,CO156,2.77,0.8256,0.2,0.8,0.2442,0.19536,125,5.561938476
h2o2,QR112,0.010789161,QR112,3.21,5.30984456,0.7,0.3,0.2344,0.07032,125,19.17868564
h2o2,CO138,-0.005547864,CO138,1.91,0.483870968,0.25,0.75,0.2081,0.156075,125,-4.443267599
dopa,QR139,0.020767405,QR139,3.61,7.378608696,0.653846154,0.346153846,0.2033,0.070373077,125,36.88805071
dopa,AS54,0.012915348,AS54,3.11,2.604808743,0.689655173,0.310344827,0.2275,0.070603448,125,22.866001
dopa,AS125,-0.009285997,AS125,1.53,0.678,0.666666667,0.333333333,0.1762,0.058733333,125,-19.76304673
h2o2,QR139,0.012529668,QR139,3.61,7.378608696,0.653846154,0.346153846,0.2033,0.070373077,125,22.25579059
h2o2,AS54,0.004638054,AS54,3.11,2.604808743,0.689655173,0.310344827,0.2275,0.070603448,125,8.211450589
h2o2,AS125,0.011244066,AS125,1.53,0.678,0.666666667,0.333333333,0.1762,0.058733333,125,23.93033453
dopa,AS86,0.018473101,AS86,2.3,2.563663366,0.416666667,0.583333333,0.204,0.119,125,19.40451814
dopa,CO26,0.013854826,CO26,2.07,0.377532468,0.076923079,0.923076921,0.1837,0.16956923,125,10.2132518
dopa,CO33,-0.013548259,CO33,2.99,2.671005917,0.272727273,0.727272727,0.2313,0.168218182,125,-10.06747556
h2o2,AS86,0.001829509,AS86,2.3,2.563663366,0.416666667,0.583333333,0.204,0.119,125,1.92175367
h2o2,CO26,0.000543908,CO26,2.07,0.377532468,0.076923079,0.923076921,0.1837,0.16956923,125,0.4009485
h2o2,CO33,0.004598497,CO33,2.99,2.671005917,0.272727273,0.727272727,0.2313,0.168218182,125,3.417062874
dopa,AS131,0.001552611,AS131,2.9,0.812901235,0.2,0.8,0.197,0.1576,125,1.231448889
dopa,AS145,0.002551424,AS145,3.09,2.636022099,0.4375,0.5625,0.2596,0.146025,125,2.184064416
dopa,AS34,-0.00897943,AS34,3.12,1.037213115,0.363636364,0.636363636,0.2748,0.174872727,125,-6.418546887
h2o2,AS131,-8.90E-05,AS131,2.9,0.812901235,0.2,0.8,0.197,0.1576,125,-0.070592611
h2o2,AS145,0.008405854,AS145,3.09,2.636022099,0.4375,0.5625,0.2596,0.146025,125,7.19556106
h2o2,AS34,0.00103837,AS34,3.12,1.037213115,0.363636364,0.636363636,0.2748,0.174872727,125,0.742232845
dopa,AS160,0.015110759,AS160,3.13,0.596467391,0,1,0.3792,0.3792,125,4.981131162
dopa,QR145,0.005824763,QR145,3.28,1.3875,0.142857143,0.857142857,0.249,0.213428571,125,3.41142392
h2o2,AS160,-0.000573576,AS160,3.13,0.596467391,0,1,0.3792,0.3792,125,-0.18907435
h2o2,QR145,0.004262263,QR145,3.28,1.3875,0.142857143,0.857142857,0.249,0.213428571,125,2.496305109
dopa,QR78,-0.008287184,QR78,3.25,1.874587629,0.090909091,0.909090909,0.2722,0.247454545,125,-4.18621506
dopa,CO6,-0.026058149,CO6,3.22,2.229639175,0.25,0.75,0.2846,0.21345,125,-15.26010116
dopa,CO100,-0.019679589,CO100,2,0.437183099,0.250000001,0.749999999,0.2756,0.2067,125,-11.90105746
h2o2,QR78,-0.000158228,QR78,3.25,1.874587629,0.090909091,0.909090909,0.2722,0.247454545,125,-0.079927734
h2o2,CO6,0.003500791,CO6,3.22,2.229639175,0.25,0.75,0.2846,0.21345,125,2.050123647
h2o2,CO100,0.001730617,CO100,2,0.437183099,0.250000001,0.749999999,0.2756,0.2067,125,1.046575404
dopa,QR44,0.014883307,QR44,3.1,1.012747253,0.555555556,0.444444444,0.2785,0.123777778,125,15.03026957
dopa,QR48,0.006526899,QR48,3.22,1.111666667,0.357142857,0.642857143,0.261,0.167785714,125,4.862525672
dopa,QR121,-0.013607595,QR121,1.74,0.294782609,0.375000002,0.624999998,0.1804,0.11275,125,-15.08602543
h2o2,QR44,0.005953323,QR44,3.1,1.012747253,0.555555556,0.444444444,0.2785,0.123777778,125,6.012107828
h2o2,QR48,0.00234375,QR48,3.22,1.111666667,0.357142857,0.642857143,0.261,0.167785714,125,1.746088764
dopa,AS165,0.014240506,AS165,1.96,0.471470588,0,1,0.2409,0.2409,125,7.389220802
dopa,CO86,0.009147547,CO86,1.87,0.383333333,0,1,0.222,0.222,125,5.150646097
dopa,CO61,0.009098101,CO61,3.75,1.924796748,0.235294117,0.764705883,0.2444,0.186894118,125,6.085063941
h2o2,AS165,-2.97E-05,AS165,1.96,0.471470588,0,1,0.2409,0.2409,125,-0.01539421
h2o2,CO86,0.00130538,CO86,1.87,0.383333333,0,1,0.222,0.222,125,0.735011119
h2o2,CO61,0.005785206,CO61,3.75,1.924796748,0.235294117,0.764705883,0.2444,0.186894118,125,3.869306962
dopa,AS87,-0.005982991,AS87,2.15,0.19,0.375,0.625,0.2999,0.1874375,125,-3.989990334
dopa,AS176,-0.008603639,AS176,3.08,1.226815642,0.2,0.8,0.3047,0.24376,125,-4.411941685
dopa,CO141,-0.029905063,CO141,2.08,0.346375,0.222222222,0.777777778,0.2906,0.226022222,125,-16.5387849
h2o2,AS87,0.004499604,AS87,2.15,0.19,0.375,0.625,0.2999,0.1874375,125,3.000736532
h2o2,AS176,0.006180775,AS176,3.08,1.226815642,0.2,0.8,0.3047,0.24376,125,3.169498337
h2o2,CO141,-0.001285601,CO141,2.08,0.346375,0.222222222,0.777777778,0.2906,0.226022222,125,-0.710992737
dopa,QR9,-0.014072389,QR9,3.04,1.604545455,0,1,0.3236,0.3236,125,-5.435873471
dopa,AS18,-0.02318038,AS18,3,0.438235294,0,1,0.2179,0.2179,125,-13.29760197
dopa,QR106,-0.036095728,QR106,3.57,2.315154185,0.142857143,0.857142857,0.3305,0.283285714,125,-15.92726268
h2o2,QR9,0.006922468,QR9,3.04,1.604545455,0,1,0.3236,0.3236,125,2.674006626
h2o2,AS18,-0.035700158,AS18,3,0.438235294,0,1,0.2179,0.2179,125,-20.47966856
h2o2,QR106,0.003075554,QR106,3.57,2.315154185,0.142857143,0.857142857,0.3305,0.283285714,125,1.357090053
dopa,AS164,-0.008089399,AS164,3.2,1.320207254,0.2,0.8,0.326,0.2608,125,-3.877204148
dopa,QR27,-0.010967168,QR27,2.96,2.176428571,0.285714285,0.714285715,0.2802,0.200142857,125,-6.849587269
dopa,AS158,-0.032021361,AS158,2.67,0.827205882,0.142857143,0.857142857,0.2673,0.229114286,125,-17.47018994
h2o2,AS164,0.00272943,AS164,3.2,1.320207254,0.2,0.8,0.326,0.2608,125,1.308200911
h2o2,QR27,0.007782832,QR27,2.96,2.176428571,0.285714285,0.714285715,0.2802,0.200142857,125,4.860798179
h2o2,AS158,0.00117682,AS158,2.67,0.827205882,0.142857143,0.857142857,0.2673,0.229114286,125,0.642048364
dopa,AS19,-0.002373418,AS19,2.99,0.414035088,0.200000001,0.799999999,0.2955,0.2364,125,-1.25497976
dopa,QR181,-0.008702532,QR181,2.84,0.795194805,0,1,0.4032,0.4032,125,-2.697957479
dopa,QR170,-0.025702136,QR170,1.96,0.586666667,0.200000001,0.799999999,0.2402,0.19216,125,-16.71922882
h2o2,AS19,0.001542722,AS19,2.99,0.414035088,0.200000001,0.799999999,0.2955,0.2364,125,0.815736844
h2o2,QR181,9.89E-05,QR181,2.84,0.795194805,0,1,0.4032,0.4032,125,0.030658608
h2o2,QR170,-0.001364715,QR170,1.96,0.586666667,0.200000001,0.799999999,0.2402,0.19216,125,-0.887746663
dopa,QR95,0.013637263,QR95,3.87,2.5,0.083333333,0.916666667,0.3469,0.317991667,125,5.360699695
dopa,CO124,0.003827136,CO124,3.33,2.168292683,0.230769231,0.769230769,0.3617,0.278230769,125,1.719407279
dopa,QR6,-0.004143592,QR6,2.13,0.729411765,0,1,0.2034,0.2034,125,-2.546455121
h2o2,QR95,0.009909019,QR95,3.87,2.5,0.083333333,0.916666667,0.3469,0.317991667,125,3.895156704
h2o2,CO124,-5.93E-05,CO124,3.33,2.168292683,0.230769231,0.769230769,0.3617,0.278230769,125,-0.026657477
h2o2,QR6,0.001572389,QR6,2.13,0.729411765,0,1,0.2034,0.2034,125,0.966315905
dopa,AS140,0.025148339,AS140,3.46,1.946422018,0.25,0.75,0.2936,0.2202,125,14.27585071
dopa,QR111,0.006160997,QR111,3.99,1.508740741,0,1,0.2651,0.2651,125,2.905034343
dopa,CO76,-0.004934731,CO76,2.01,0.425,0.125,0.875,0.1933,0.1691375,125,-3.646981755
h2o2,AS140,-0.004568829,AS140,3.46,1.946422018,0.25,0.75,0.2936,0.2202,125,-2.593567844
h2o2,QR111,-0.008178402,QR111,3.99,1.508740741,0,1,0.2651,0.2651,125,-3.856281544
h2o2,CO76,-0.000454905,CO76,2.01,0.425,0.125,0.875,0.1933,0.1691375,125,-0.336194711
dopa,QR39,-0.006497231,QR39,2.82,1.353137255,0,1,0.219,0.219,125,-3.70846519
dopa,AS78,0.026740506,AS78,3.53,2.4592,0.590909091,0.409090909,0.3395,0.138886364,125,24.06689321
dopa,QR34,0.028955696,QR34,3.69,1.884,0.25,0.75,0.3222,0.24165,125,14.97811722
h2o2,QR39,0.010957278,QR39,2.82,1.353137255,0,1,0.219,0.219,125,6.254154384
h2o2,AS78,0.004647943,AS78,3.53,2.4592,0.590909091,0.409090909,0.3395,0.138886364,125,4.183224782
h2o2,QR34,0.004895174,QR34,3.69,1.884,0.25,0.75,0.3222,0.24165,125,2.53216121
dopa,AS104,0.005814873,AS104,3.16,1.752299465,0.1,0.9,0.279,0.2511,125,2.894700029
dopa,AS53,0.003273339,AS53,2.4,1.036363636,0.65,0.35,0.2657,0.092995,125,4.399885219
dopa,CO8,0.003629351,CO8,3.65,1.924957627,0.266666667,0.733333333,0.239,0.175266667,125,2.588449452
h2o2,AS104,0.004232595,AS104,3.16,1.752299465,0.1,0.9,0.279,0.2511,125,2.107026552
h2o2,AS53,0.005172073,AS53,2.4,1.036363636,0.65,0.35,0.2657,0.092995,125,6.9520845
h2o2,CO8,-0.00429193,CO8,3.65,1.924957627,0.266666667,0.733333333,0.239,0.175266667,125,-3.06100017
dopa,QR101,0.008326741,QR101,3.8,2.034741036,0.181818182,0.818181818,0.2427,0.198572727,125,5.241618922
dopa,AS154,0.003827136,AS154,3.32,2.009655172,0.1,0.9,0.2567,0.23103,125,2.070692159
dopa,AS183,0.003411788,AS183,3.1,0.59967033,0.250000001,0.749999999,0.3254,0.24405,125,1.747484109
h2o2,QR101,0.000632911,QR101,3.8,2.034741036,0.181818182,0.818181818,0.2427,0.198572727,125,0.39841284
h2o2,AS154,0.017138054,AS154,3.32,2.009655172,0.1,0.9,0.2567,0.23103,125,9.272634397
h2o2,AS183,0.006942247,AS183,3.1,0.59967033,0.250000001,0.749999999,0.3254,0.24405,125,3.555750274
dopa,AS114,0.002590981,AS114,3.18,0.882978723,0.307692308,0.692307692,0.3204,0.221815385,125,1.460099923
dopa,CO140,0.007644383,CO140,1.82,0.401509434,0,1,0.3077,0.3077,125,3.105452921
dopa,CO2,0.005003956,CO2,3.11,2.045274725,0.111111111,0.888888889,0.3121,0.277422222,125,2.254666038
h2o2,AS114,0.004934731,AS114,3.18,0.882978723,0.307692308,0.692307692,0.3204,0.221815385,125,2.780877334
h2o2,CO140,0.004568829,CO140,1.82,0.401509434,0,1,0.3077,0.3077,125,1.856040427
h2o2,CO2,0.003451345,CO2,3.11,2.045274725,0.111111111,0.888888889,0.3121,0.277422222,125,1.555095745
dopa,QR56,-0.005290744,QR56,3.18,1.278181818,0.166666667,0.833333333,0.2381,0.198416667,125,-3.333101845
dopa,QR108,-0.014270174,QR108,3.16,1.425957447,0.681818182,0.318181818,0.2347,0.074677273,125,-23.88640727
dopa,CO171,-0.036649525,CO171,1.98,0.295857143,0,1,0.288,0.288,125,-15.90691203
h2o2,QR56,-0.001780063,QR56,3.18,1.278181818,0.166666667,0.833333333,0.2381,0.198416667,125,-1.121417443
h2o2,QR108,0.002462421,QR108,3.16,1.425957447,0.681818182,0.318181818,0.2347,0.074677273,125,4.1217709
h2o2,CO171,0.001542722,CO171,1.98,0.295857143,0,1,0.288,0.288,125,0.669583993
dopa,CO42,-0.016356804,CO42,2.99,2.044,0.076923077,0.923076923,0.2342,0.216184615,125,-9.457659486
dopa,AS82,-0.019353244,AS82,1.94,0.273787879,0.200000001,0.799999999,0.2855,0.2284,125,-10.59174894
dopa,AS127,-0.032753165,AS127,2.92,1.038292683,0,1,0.2354,0.2354,125,-17.39229214
h2o2,CO42,0.014685522,CO42,2.99,2.044,0.076923077,0.923076923,0.2342,0.216184615,125,8.491308547
h2o2,AS82,0.00677413,AS82,1.94,0.273787879,0.200000001,0.799999999,0.2855,0.2284,125,3.707382742
h2o2,AS127,-0.001315269,AS127,2.92,1.038292683,0,1,0.2354,0.2354,125,-0.698422359
dopa,QR46,-0.014606408,QR46,4.21,2.1275,0,1,0.4073,0.4073,125,-4.482693416
dopa,CO127,-0.022676028,CO127,1.66,0.26027027,0.1,0.9,0.1434,0.12906,125,-21.96268061
dopa,QR43,-0.037045095,QR43,3.51,1.405227273,0,1,0.2592,0.2592,125,-17.86511137
h2o2,QR46,-0.00221519,QR46,4.21,2.1275,0,1,0.4073,0.4073,125,-0.67983976
h2o2,CO127,-0.001681171,CO127,1.66,0.26027027,0.1,0.9,0.1434,0.12906,125,-1.628284215
h2o2,QR43,-0.000118671,QR43,3.51,1.405227273,0,1,0.2592,0.2592,125,-0.057229401
dopa,AS194,0.014754747,AS194,3.13,0.656864865,0,1,0.3154,0.3154,125,5.847632703
dopa,CO77,0.000949367,CO77,3.16,0.947315789,0.090909091,0.909090909,0.2175,0.197727273,125,0.600174595
dopa,AS118,-0.010502373,AS118,3.56,1.984628821,0.272727273,0.727272727,0.2243,0.163127273,125,-8.047683585
h2o2,AS194,0.012351661,AS194,3.13,0.656864865,0,1,0.3154,0.3154,125,4.89523676
h2o2,CO77,0.001127373,CO77,3.16,0.947315789,0.090909091,0.909090909,0.2175,0.197727273,125,0.712707332
h2o2,AS118,0.006586234,AS118,3.56,1.984628821,0.272727273,0.727272727,0.2243,0.163127273,125,5.046852418
dopa,CO53,-0.004776503,CO53,3.31,1.279207921,0.307692308,0.692307692,0.3526,0.244107692,125,-2.445899556
dopa,CO88,-0.013746044,CO88,1.61,3.934117647,0.1,0.9,0.2924,0.26316,125,-6.52931881
dopa,CO97,-0.035700158,CO97,3.64,1.586016949,0.25,0.75,0.2172,0.1629,125,-27.39422823
h2o2,CO53,0.002966772,CO53,3.31,1.279207921,0.307692308,0.692307692,0.3526,0.244107692,125,1.519192271
h2o2,CO88,-0.000108782,CO88,1.61,3.934117647,0.1,0.9,0.2924,0.26316,125,-0.051670868
h2o2,CO97,0.000988924,CO97,3.64,1.586016949,0.25,0.75,0.2172,0.1629,125,0.758842887
dopa,CO103,-0.002887658,CO103,3.56,2.055454545,0.076923077,0.923076923,0.3297,0.304338462,125,-1.186038978
dopa,AS79,-0.011511076,AS79,3.51,1.114932127,0.222222222,0.777777778,0.2727,0.2121,125,-6.783991012
dopa,CO72,-0.025593354,CO72,1.84,0.278,0,1,0.1972,0.1972,125,-16.22296807
h2o2,CO103,0.016515032,CO103,3.56,2.055454545,0.076923077,0.923076923,0.3297,0.304338462,125,6.783168128
h2o2,AS79,0.012173655,AS79,3.51,1.114932127,0.222222222,0.777777778,0.2727,0.2121,125,7.174478467
h2o2,CO72,0.001374604,CO72,1.84,0.278,0,1,0.1972,0.1972,125,0.871326338
dopa,AS83,0.012232991,AS83,1.9,0.794098361,0,1,0.3973,0.3973,125,3.848788858
dopa,AS185,0.011303402,AS185,2.39,0.998035714,0.875,0.125,0.2583,0.0322875,125,43.76075067
dopa,QR30,-0.008920095,QR30,3.44,1.167196262,0.166666667,0.833333333,0.3444,0.287,125,-3.88505877
h2o2,AS83,0.008435522,AS83,1.9,0.794098361,0,1,0.3973,0.3973,125,2.654015276
h2o2,AS185,0.029469937,AS185,2.39,0.998035714,0.875,0.125,0.2583,0.0322875,125,114.0918959
h2o2,QR30,0.00352057,QR30,3.44,1.167196262,0.166666667,0.833333333,0.3444,0.287,125,1.533349138
dopa,CO18,0.001809731,CO18,1.88,0.259180328,0.545454545,0.454545455,0.1581,0.071863636,125,3.147855984
dopa,QR182,0.016198576,QR182,2.01,0.34,0.2,0.8,0.3186,0.25488,125,7.944216862
dopa,AS50,-0.035759494,AS50,2.8,1.812763158,0.5,0.5,0.2583,0.12915,125,-34.61042748
h2o2,CO18,0.000207674,CO18,1.88,0.259180328,0.545454545,0.454545455,0.1581,0.071863636,125,0.361229375
h2o2,QR182,0.01693038,QR182,2.01,0.34,0.2,0.8,0.3186,0.25488,125,8.303113106
h2o2,AS50,0.014013054,AS50,2.8,1.812763158,0.5,0.5,0.2583,0.12915,125,13.56276984
dopa,QR79,0.005478639,QR79,2.87,1.379032258,0,1,2353,2353,125,0.000291045
dopa,AS75,0.002403085,AS75,3.16,2.042659574,0.5,0.5,0.3127,0.15635,125,1.921238762
dopa,AS117,0.016910601,AS117,3.24,1.419183673,0.166666667,0.833333333,0.3698,0.308166667,125,6.859356915
h2o2,QR79,0.006784019,QR79,2.87,1.379032258,0,1,2353,2353,125,0.000360392
h2o2,AS75,0.003659019,AS75,3.16,2.042659574,0.5,0.5,0.3127,0.15635,125,2.92534297
h2o2,AS117,0.007041139,AS117,3.24,1.419183673,0.166666667,0.833333333,0.3698,0.308166667,125,2.856059721
dopa,AS152,0.00208663,AS152,2.76,0.429795918,0,1,0.152,0.152,125,1.71597841
dopa,QR131,0.011807753,QR131,3.24,2.244848485,0.222222222,0.777777778,0.2322,0.1806,125,8.172586631
dopa,AS81,0.003481013,AS81,3.51,2.020580357,0,1,0.2753,0.2753,125,1.58055424
h2o2,AS152,-0.000543908,AS152,2.76,0.429795918,0,1,0.152,0.152,125,-0.447292951
h2o2,QR131,0.001107595,QR131,3.24,2.244848485,0.222222222,0.777777778,0.2322,0.1806,125,0.766607791
h2o2,AS81,0.001859177,AS81,3.51,2.020580357,0,1,0.2753,0.2753,125,0.844159651
dopa,CO24,0.023575949,CO24,3.19,1.685863874,0.565217391,0.434782609,0.2731,0.11873913,125,24.81906067
dopa,AS73,0.018047864,AS73,3.29,1.647761194,0.3125,0.6875,0.2214,0.1522125,125,14.82127283
dopa,QR19,0.006912579,QR19,3.19,1.115631579,0,1,0.3279,0.3279,125,2.635170446
h2o2,CO24,0.024634098,CO24,3.19,1.685863874,0.565217391,0.434782609,0.2731,0.11873913,125,25.93300341
h2o2,AS73,0.005053402,AS73,3.29,1.647761194,0.3125,0.6875,0.2214,0.1522125,125,4.149956392
h2o2,QR19,0.003579905,QR19,3.19,1.115631579,0,1,0.3279,0.3279,125,1.364709158
dopa,QR201,0.006091772,QR201,1.78,0.575,0.1,0.9,0.1354,0.12186,125,6.248740514
dopa,AS124,0.009464003,AS124,3.13,2.097580645,0.222222222,0.777777778,0.2319,0.180366667,125,6.558863759
dopa,QR20,0.017424842,QR20,3.02,2.439655172,0.3,0.7,0.3484,0.24388,125,8.931053065
h2o2,QR201,-0.004410601,QR201,1.78,0.575,0.1,0.9,0.1354,0.12186,125,-4.524250437
h2o2,AS124,0.002373418,AS124,3.13,2.097580645,0.222222222,0.777777778,0.2319,0.180366667,125,1.644856115
h2o2,QR20,-0.010492484,QR20,3.02,2.439655172,0.3,0.7,0.3484,0.24388,125,-5.377892907
dopa,CO46,-0.016317247,CO46,3.18,1.394444444,0.071428571,0.928571429,0.224,0.208,125,-9.806037762
dopa,CO5,0.001384494,CO5,3.11,2.190883978,0.153846154,0.846153846,0.3501,0.296238461,125,0.584197299
dopa,CO94,-0.027412975,CO94,2.91,1.8775,0,1,0.2683,0.2683,125,-12.7716058
h2o2,CO46,-0.007713608,CO46,3.18,1.394444444,0.071428571,0.928571429,0.224,0.208,125,-4.635581487
h2o2,CO5,-0.000326345,CO5,3.11,2.190883978,0.153846154,0.846153846,0.3501,0.296238461,125,-0.137703649
h2o2,CO94,0.008168513,CO94,2.91,1.8775,0,1,0.2683,0.2683,125,3.805680515
dopa,QR162,-0.033524525,QR162,2.54,1.094761905,0,1,0.2554,0.2554,125,-16.40785303
dopa,QR185,-0.036787975,QR185,2.49,1.52,-0.090909091,1.090909091,0.2686,0.293018182,125,-15.69355459
dopa,QR91,-0.042068829,QR91,3.74,2.451673469,0.071428571,0.928571429,0.2866,0.266128571,125,-19.7596358
h2o2,QR162,0.001928402,QR162,2.54,1.094761905,0,1,0.2554,0.2554,125,0.943814555
h2o2,QR185,0.010255142,QR185,2.49,1.52,-0.090909091,1.090909091,0.2686,0.293018182,125,4.374789277
h2o2,QR91,-0.000988924,QR91,3.74,2.451673469,0.071428571,0.928571429,0.2866,0.266128571,125,-0.464495435
dopa,CO59,-0.029875396,CO59,3.16,1.64631016,0.181818182,0.818181818,0.2621,0.214445455,125,-17.41433245
dopa,CO192,-0.044897152,CO192,3.29,1.491940299,0.25,0.75,0.2781,0.208575,125,-26.90707893
dopa,CO143,-0.046172864,CO143,1.74,0.311304348,0.285714288,0.714285712,0.29,0.207142857,125,-27.86293515
h2o2,CO59,0.002699763,CO59,3.16,1.64631016,0.181818182,0.818181818,0.2621,0.214445455,125,1.573688434
h2o2,CO192,-0.000276899,CO192,3.29,1.491940299,0.25,0.75,0.2781,0.208575,125,-0.165946742
h2o2,CO143,0.003560127,CO143,1.74,0.311304348,0.285714288,0.714285712,0.29,0.207142857,125,2.148352249
dopa,AS80,0.006922468,AS80,2.72,0.684722222,0.709677419,0.290322581,0.4622,0.134187097,125,6.448522724
dopa,AS54,-0.005973101,AS54,3.11,2.604808743,0.689655173,0.310344827,0.2275,0.070603448,125,-10.57508775
dopa,AS135,-0.026631725,AS135,2.41,0.232300885,0.100000002,0.899999998,0.3372,0.303479999,125,-10.96930802
h2o2,AS80,0.029875396,AS80,2.72,0.684722222,0.709677419,0.290322581,0.4622,0.134187097,125,27.82998164
h2o2,AS54,0.005666535,AS54,3.11,2.604808743,0.689655173,0.310344827,0.2275,0.070603448,125,10.03232663
h2o2,AS135,0.005973101,AS135,2.41,0.232300885,0.100000002,0.899999998,0.3372,0.303479999,125,2.460253264
dopa,CO162,0.012381329,CO162,5.85,2.19571116,0,1,0.3807,0.3807,125,4.065316888
dopa,CO13,0.0140625,CO13,2.15,1.711363636,0.642857143,0.357142857,0.2145,0.076607143,125,22.94580415
h2o2,CO162,0.003085443,CO162,5.85,2.19571116,0,1,0.3807,0.3807,125,1.013082164
h2o2,CO13,0.003461234,CO13,2.15,1.711363636,0.642857143,0.357142857,0.2145,0.076607143,125,5.647701444
dopa,CO20,-0.013558149,CO20,3.87,1.2553125,0.75,0.25,0.4409,0.110225,125,-15.37553724
dopa,QR107,-0.011837421,QR107,3.1,2.588461538,0.2,0.8,0.2911,0.23288,125,-6.353820039
dopa,QR3,-0.050860364,QR3,2.17,0.55125,0,1,0.1395,0.1395,125,-45.5738028
h2o2,CO20,0.000484573,CO20,3.87,1.2553125,0.75,0.25,0.4409,0.110225,125,0.54952686
h2o2,QR107,0.007624604,QR107,3.1,2.588461538,0.2,0.8,0.2911,0.23288,125,4.092560777
h2o2,QR3,0.003006329,QR3,2.17,0.55125,0,1,0.1395,0.1395,125,2.693843292
dopa,QR123,-0.012697785,QR123,2.55,0.64952381,0.692307692,0.307692308,0.3753,0.115476923,125,-13.7449376
dopa,CO31,-0.016574367,CO31,2.14,0.504186047,0.42857143,0.57142857,0.3541,0.202342857,125,-10.23903644
dopa,CO101,-0.051424051,CO101,2.17,0.693103448,0.333333332,0.666666668,0.3444,0.2296,125,-27.99654325
h2o2,QR123,0.018186313,QR123,2.55,0.64952381,0.692307692,0.307692308,0.3753,0.115476923,125,19.68609054
h2o2,CO31,0.010185918,CO31,2.14,0.504186047,0.42857143,0.57142857,0.3541,0.202342857,125,6.292486595
h2o2,CO101,0.00025712,CO101,2.17,0.693103448,0.333333332,0.666666668,0.3444,0.2296,125,0.139982716
dopa,AS108,0.006596123,AS108,4.36,0.93732899,0.2,0.8,0.4188,0.33504,125,2.460946237
dopa,QR99,0.008732199,QR99,3.48,2.875909091,0.518518518,0.481481482,0.4561,0.219603704,125,4.970430375
dopa,CO11,0.011540744,CO11,3.78,0.823306452,0.333333333,0.666666667,0.5566,0.371066667,125,3.887692124
h2o2,AS108,0.009978244,AS108,4.36,0.93732899,0.2,0.8,0.4188,0.33504,125,3.722780739
h2o2,QR99,0.010611155,QR99,3.48,2.875909091,0.518518518,0.481481482,0.4561,0.219603704,125,6.039945405
h2o2,CO11,0.004331487,CO11,3.78,0.823306452,0.333333333,0.666666667,0.5566,0.371066667,125,1.459133805
dopa,QR133,0.019353244,QR133,2.88,0.73425,0.588235295,0.411764705,0.3526,0.145188235,125,16.66220034
dopa,QR74,0.003787579,QR74,2.29,1.112727273,0.636363637,0.363636363,0.4191,0.1524,125,3.106610166
dopa,AS190,-0.016198576,AS190,2.07,0.445,0.3,0.7,0.2209,0.15463,125,-13.09462584
h2o2,QR133,0.014418513,QR133,2.88,0.73425,0.588235295,0.411764705,0.3526,0.145188235,125,12.41363725
h2o2,QR74,0.007466377,QR74,2.29,1.112727273,0.636363637,0.363636363,0.4191,0.1524,125,6.123996541
h2o2,AS190,0.003154668,AS190,2.07,0.445,0.3,0.7,0.2209,0.15463,125,2.550174385
dopa,QR97,-0.023477057,QR97,3.63,1.857234043,0,1,0.3038,0.3038,125,-9.659750231
dopa,AS15,-0.029272152,AS15,3.87,0.80077821,0.555555555,0.444444445,0.37,0.164444445,125,-22.25079106
dopa,AS169,-0.043136867,AS169,2.21,0.181086957,0,1,0.204,0.204,125,-26.43190385
h2o2,QR97,0.003075554,QR97,3.63,1.857234043,0,1,0.3038,0.3038,125,1.265451694
h2o2,AS15,0.005162184,AS15,3.87,0.80077821,0.555555555,0.444444445,0.37,0.164444445,125,3.923957073
h2o2,AS169,-0.001028481,AS169,2.21,0.181086957,0,1,0.204,0.204,125,-0.630196699
dopa,AS177,-0.004272152,AS177,4.29,1.61187291,0.153846154,0.846153846,0.279,0.236076923,125,-2.262055014
dopa,CO38,-0.014655854,CO38,4.39,2.456278317,0.388888889,0.611111111,0.2581,0.157727778,125,-11.61483302
dopa,CO29,-0.033732199,CO29,4.46,2.060314465,0.117647059,0.882352941,0.2946,0.259941176,125,-16.2210735
h2o2,AS177,0.002412975,AS177,4.29,1.61187291,0.153846154,0.846153846,0.279,0.236076923,125,1.277642184
h2o2,CO38,0.00950356,CO38,4.39,2.456278317,0.388888889,0.611111111,0.2581,0.157727778,125,7.531615743
h2o2,CO29,0.007604826,CO29,4.46,2.060314465,0.117647059,0.882352941,0.2946,0.259941176,125,3.656993703
dopa,AS100,-0.007169699,AS100,2.28,1.416666667,0.181818182,0.818181818,0.2221,0.181718182,125,-4.931880844
dopa,AS67,-0.012341772,AS67,3.49,1.481136364,0.375,0.625,0.2501,0.1563125,125,-9.869469934
dopa,QR100,-0.032070807,QR100,4.77,3,0.368421053,0.631578947,0.2613,0.165031579,125,-24.2914168
h2o2,AS100,0.00143394,AS100,2.28,1.416666667,0.181818182,0.818181818,0.2221,0.181718182,125,0.986376169
h2o2,AS67,-0.001513054,AS67,3.49,1.481136364,0.375,0.625,0.2501,0.1563125,125,-1.209959054
h2o2,QR100,0.002561313,QR100,4.77,3,0.368421053,0.631578947,0.2613,0.165031579,125,1.940017561
dopa,QR138,-0.015011867,QR138,1.46,7.877647059,0.647058824,0.352941176,0.2972,0.104894118,125,-17.88930992
dopa,CO3,-0.012519778,CO3,3.89,2.122230769,0.125,0.875,0.2885,0.2524375,125,-6.199444655
dopa,AS36,-0.033109177,AS36,3.88,1.364980545,0.266666667,0.733333333,0.3572,0.261946667,125,-15.79957935
h2o2,QR138,0.005963212,QR138,1.46,7.877647059,0.647058824,0.352941176,0.2972,0.104894118,125,7.106227855
h2o2,CO3,0.000623022,CO3,3.89,2.122230769,0.125,0.875,0.2885,0.2524375,125,0.30850317
h2o2,AS36,0.000178006,AS36,3.88,1.364980545,0.266666667,0.733333333,0.3572,0.261946667,125,0.084943975
dopa,CO123,-0.025029668,CO123,2.83,1.32869281,0.222222222,0.777777778,0.1914,0.148866667,125,-21.01685037
dopa,QR12,-0.019679589,QR12,1.9,0.366440678,0,1,0.4861,0.4861,125,-5.060581312
dopa,AS99,0.014250396,AS99,3.94,1.603082707,0.230769231,0.769230769,0.346,0.266153846,125,6.692743588
h2o2,CO123,0.00143394,CO123,2.83,1.32869281,0.222222222,0.777777778,0.1914,0.148866667,125,1.204047137
h2o2,QR12,0.009681566,QR12,1.9,0.366440678,0,1,0.4861,0.4861,125,2.489602565
h2o2,AS99,0.04491693,AS99,3.94,1.603082707,0.230769231,0.769230769,0.346,0.266153846,125,21.09537916
dopa,CO19,0.020490506,CO19,3.15,1.276470588,0.176470588,0.823529412,0.3097,0.255047059,125,10.04251255
dopa,QR87,0.020757516,QR87,3.63,1.038638298,0.416666667,0.583333333,0.3563,0.207841666,125,12.48397171
dopa,AS180,-0.002234968,AS180,2.59,0.658484848,0.756756757,0.243243243,0.3254,0.079151351,125,-3.529580238
h2o2,CO19,0.004123813,CO19,3.15,1.276470588,0.176470588,0.823529412,0.3097,0.255047059,125,2.021104119
h2o2,QR87,0.002571203,QR87,3.63,1.038638298,0.416666667,0.583333333,0.3563,0.207841666,125,1.546370959
h2o2,AS180,0.017098497,AS180,2.59,0.658484848,0.756756757,0.243243243,0.3254,0.079151351,125,27.00285058
dopa,AS157,-0.01471519,AS157,2.56,0.906692913,0.70967742,0.29032258,0.3137,0.091074193,125,-20.19670637
dopa,CO17,-0.017731408,CO17,4.66,4.915502959,0.833333333,0.166666667,0.2843,0.047383333,125,-46.77649055
dopa,QR128,-0.044452136,QR128,2.22,1.305691057,0.222222222,0.777777778,0.265,0.206111111,125,-26.95884265
h2o2,AS157,0.016623813,AS157,2.56,0.906692913,0.70967742,0.29032258,0.3137,0.091074193,125,22.81630606
h2o2,CO17,0.007515823,CO17,4.66,4.915502959,0.833333333,0.166666667,0.2843,0.047383333,125,19.82717949
h2o2,QR128,0.001008703,QR128,2.22,1.305691057,0.222222222,0.777777778,0.265,0.206111111,125,0.611746819
dopa,CO60,-0.021469541,CO60,3,0.985321637,0.181818181,0.818181819,0.3368,0.275563637,125,-9.738921549
dopa,QR113,-0.027412975,QR113,3.56,1.466017699,0.25,0.75,0.2607,0.195525,125,-17.52523634
dopa,AS174,-0.040822785,AS174,1.94,1.033846154,0,1,0.1727,0.1727,125,-29.54747019
h2o2,CO60,-0.000959256,CO60,3,0.985321637,0.181818181,0.818181819,0.3368,0.275563637,125,-0.435133759
h2o2,QR113,0.00534019,QR113,3.56,1.466017699,0.25,0.75,0.2607,0.195525,125,3.414007079
h2o2,AS174,0.00977057,AS174,1.94,1.033846154,0,1,0.1727,0.1727,125,7.071923582
dopa,QR122,0.004469937,QR122,2.45,0.882608696,0.470588236,0.529411764,0.2114,0.111917647,125,4.992439562
dopa,CO35,0.008554193,CO35,3.98,2.638888889,0.2,0.8,0.2864,0.22912,125,4.66687382
dopa,AS97,-0.023585839,AS97,2.76,1.601351351,0.357142857,0.642857143,0.2297,0.147664286,125,-19.96576089
h2o2,QR122,0.005053402,QR122,2.45,0.882608696,0.470588236,0.529411764,0.2114,0.111917647,125,5.644107558
h2o2,CO35,0.002541535,CO35,3.98,2.638888889,0.2,0.8,0.2864,0.22912,125,1.386574072
h2o2,AS97,-0.003214003,AS97,2.76,1.601351351,0.357142857,0.642857143,0.2297,0.147664286,125,-2.720701169
dopa,QR134,-0.018552215,QR134,3.25,1.000204082,0.076923077,0.923076923,0.3495,0.322615384,125,-7.188209285
dopa,CO23,-0.033109177,CO23,4.65,2.271160714,-0.111111111,1.111111111,0.3193,0.354777778,125,-11.66546331
dopa,AS138,-0.035858386,AS138,2.14,1.042674419,0.25,0.75,0.2503,0.187725,125,-23.87693839
h2o2,QR134,0.003105222,QR134,3.25,1.000204082,0.076923077,0.923076923,0.3495,0.322615384,125,1.203143772
h2o2,CO23,-0.002314082,CO23,4.65,2.271160714,-0.111111111,1.111111111,0.3193,0.354777778,125,-0.815328081
h2o2,AS138,-0.00103837,AS138,2.14,1.042674419,0.25,0.75,0.2503,0.187725,125,-0.691417135
dopa,QR50,0.019580696,QR50,2.04,1.875,0,1,0.3084,0.3084,125,7.936404103
dopa,AS168,0.00819818,AS168,2.26,0.315051546,0.22222222,0.77777778,0.2978,0.231622223,125,4.424327399
dopa,QR77,0.012045095,QR77,2.23,1.962786885,0.181818182,0.818181818,0.3192,0.261163636,125,5.765109148
h2o2,QR50,0.00116693,QR50,2.04,1.875,0,1,0.3084,0.3084,125,0.472977618
h2o2,AS168,0.001097706,AS168,2.26,0.315051546,0.22222222,0.77777778,0.2978,0.231622223,125,0.592400894
h2o2,QR77,0.012509889,QR77,2.23,1.962786885,0.181818182,0.818181818,0.3192,0.261163636,125,5.987572309
dopa,QR94,-0.003639241,QR94,2.01,2.104109589,0.2,0.8,0.2185,0.1748,125,-2.602431712
dopa,QR148,-0.010868275,QR148,2.04,1.186486486,0.133333333,0.866666667,3075,2665,125,-0.000509769
dopa,QR13,-0.02864913,QR13,1.99,0.218,0.083333335,0.916666665,0.2624,0.240533333,125,-14.88833657
h2o2,QR94,-0.000929589,QR94,2.01,2.104109589,0.2,0.8,0.2185,0.1748,125,-0.664751579
h2o2,QR148,0.002640427,QR148,2.04,1.186486486,0.133333333,0.866666667,3075,2665,125,0.000123847
h2o2,QR13,0.01028481,QR13,1.99,0.218,0.083333335,0.916666665,0.2624,0.240533333,125,5.344794627
dopa,QR119,-0.022498022,QR119,2.3,1.4554,0.111111111,0.888888889,0.2729,0.242577778,125,-11.5932003
dopa,AS7,-0.030795095,AS7,2.34,0.551730769,0.222222221,0.777777779,0.2443,0.190011111,125,-20.25874617
dopa,QR68,-0.044303797,QR68,3.88,1.670307692,0,1,0.211,0.211,125,-26.24632551
h2o2,QR119,0.002333861,QR119,2.3,1.4554,0.111111111,0.888888889,0.2729,0.242577778,125,1.202635284
h2o2,AS7,0.003095332,AS7,2.34,0.551730769,0.222222221,0.777777779,0.2443,0.190011111,125,2.036283735
h2o2,QR68,0.002749209,QR68,3.88,1.670307692,0,1,0.211,0.211,125,1.628678235
dopa,QR163,-0.026839399,QR163,2.29,0.4482,-0.142857142,1.142857142,0.218,0.249142857,125,-13.46586807
dopa,QR203,-0.018117089,QR203,2.35,1.058571429,0.111111111,0.888888889,0.2466,0.2192,125,-10.33136896
dopa,CO84,-0.042563291,CO84,2.07,0.24987013,0.333333332,0.666666668,0.199,0.132666667,125,-40.10360336
h2o2,QR163,0.001631725,QR163,2.29,0.4482,-0.142857142,1.142857142,0.218,0.249142857,125,0.818669208
h2o2,QR203,0.015704114,QR203,2.35,1.058571429,0.111111111,0.888888889,0.2466,0.2192,125,8.955356937
h2o2,CO84,0.011145174,CO84,2.07,0.24987013,0.333333332,0.666666668,0.199,0.132666667,125,10.50110618
dopa,CO119,0.003125,CO119,2.72,1.483125,0.363636364,0.636363636,0.2159,0.137390909,125,2.843164827
dopa,AS134,0.019363133,AS134,2.13,1.666506024,0.375,0.625,0.2166,0.135375,125,17.87916243
dopa,QR192,0.001710839,QR192,2.84,1.232987013,0.357142857,0.642857143,0.2003,0.128764286,125,1.660824073
h2o2,CO119,0.001344937,CO119,2.72,1.483125,0.363636364,0.636363636,0.2159,0.137390909,125,1.223640558
h2o2,AS134,0.015318434,AS134,2.13,1.666506024,0.375,0.625,0.2166,0.135375,125,14.14444464
h2o2,QR192,0.006971915,QR192,2.84,1.232987013,0.357142857,0.642857143,0.2003,0.128764286,125,6.768098102
dopa,AS13,-0.00625,AS13,2.09,0.584074074,0.142857142,0.857142858,0.3049,0.261342857,125,-2.9893681
dopa,CO75,0.009256329,CO75,6.71,1.668379374,0.133333333,0.866666667,0.2443,0.211726667,125,5.464787009
dopa,CO147,0.012054984,CO147,1.85,0.235714286,0.166666669,0.833333331,0.1564,0.130333333,125,11.56168562
h2o2,AS13,-0.001730617,AS13,2.09,0.584074074,0.142857142,0.857142858,0.3049,0.261342857,125,-0.827752243
h2o2,CO75,-0.009750791,CO75,6.71,1.668379374,0.133333333,0.866666667,0.2443,0.211726667,125,-5.756709392
h2o2,CO147,-0.011511076,CO147,1.85,0.235714286,0.166666669,0.833333331,0.1564,0.130333333,125,-11.04003451
dopa,QR64,-0.001582278,QR64,8.47,2.648317107,0.333333333,0.666666667,0.2314,0.154266667,125,-1.282096865
dopa,AS126,0.007446598,AS126,2,0.342222222,0,1,0.1956,0.1956,125,4.758817805
dopa,AS11,-0.004509494,AS11,3.55,1.493303965,0.090909091,0.909090909,0.2594,0.235818182,125,-2.390344562
h2o2,QR64,-0.023388054,QR64,8.47,2.648317107,0.333333333,0.666666667,0.2314,0.154266667,125,-18.95099429
h2o2,AS126,-0.014260285,AS126,2,0.342222222,0,1,0.1956,0.1956,125,-9.113167696
h2o2,AS11,-0.006220332,AS11,3.55,1.493303965,0.090909091,0.909090909,0.2594,0.235818182,125,-3.29720774
dopa,QR26,0.012341772,QR26,2.94,2.552439024,0,1,0.2569,0.2569,125,6.005144099
dopa,QR55,-0.001077927,QR55,3.4,1.871320755,0.090909091,0.909090909,0.2381,0.216454545,125,-0.622490518
h2o2,QR26,0.001849288,QR26,2.94,2.552439024,0,1,0.2569,0.2569,125,0.899809252
h2o2,QR55,0.000850475,QR55,3.4,1.871320755,0.090909091,0.909090909,0.2381,0.216454545,125,0.491139308
dopa,CO110,-0.001058149,CO110,2.34,3.054056604,0.2,0.8,0.201,0.1608,125,-0.822565869
dopa,AS196,-0.00677413,AS196,2.28,1.2,0.090909091,0.909090909,0.1966,0.178727273,125,-4.737756047
dopa,CO129,-0.022903481,CO129,3.88,1.636923077,0.066666667,0.933333333,0.2481,0.23156,125,-12.36368598
h2o2,CO110,0.003629351,CO110,2.34,3.054056604,0.2,0.8,0.201,0.1608,125,2.821324056
h2o2,AS196,0.001651503,AS196,2.28,1.2,0.090909091,0.909090909,0.1966,0.178727273,125,1.155044175
h2o2,CO129,0.003678797,CO129,3.88,1.636923077,0.066666667,0.933333333,0.2481,0.23156,125,1.985877023
dopa,QR53,-0.010334256,QR53,2.62,2.06641791,0,1,0.2671,0.2671,125,-4.836323628
dopa,QR49,-0.010769383,QR49,2.48,1.072916667,0.142857143,0.857142857,0.2542,0.217885714,125,-6.178343863
dopa,AS60,-0.046083861,AS60,4.48,2.171,0.307692308,0.692307692,0.3174,0.219738462,125,-26.21517664
h2o2,QR53,0.002788766,QR53,2.62,2.06641791,0,1,0.2671,0.2671,125,1.305113171
h2o2,QR49,0.004044699,QR49,2.48,1.072916667,0.142857143,0.857142857,0.2542,0.217885714,125,2.32042483
h2o2,AS60,0.004598497,AS60,4.48,2.171,0.307692308,0.692307692,0.3174,0.219738462,125,2.615892089
dopa,QR160,-0.007436709,QR160,2.24,1.094479167,0,1,0.2017,0.2017,125,-4.608768506
dopa,CO102,-0.020450949,CO102,2.27,0.339285714,0.18181818,0.81818182,0.2317,0.189572728,125,-13.48489679
dopa,AS22,-0.044818038,AS22,2.36,1.634285714,0.111111111,0.888888889,0.2597,0.230844445,125,-24.26852744
h2o2,QR160,0.000969146,QR160,2.24,1.094479167,0,1,0.2017,0.2017,125,0.600610789
h2o2,CO102,0.001087816,CO102,2.27,0.339285714,0.18181818,0.81818182,0.2317,0.189572728,125,0.717281744
h2o2,AS22,0.002442642,AS22,2.36,1.634285714,0.111111111,0.888888889,0.2597,0.230844445,125,1.322666875
dopa,AS101,0.001147152,AS101,2.04,0.489210526,0.307692306,0.692307694,0.2019,0.139776923,125,1.025877407
dopa,CO191,-0.011006725,CO191,2.14,0.893793103,0.11111111,0.88888889,0.2379,0.211466667,125,-6.506181825
dopa,AS151,-0.020124604,AS151,3.23,0.671658031,0.769230769,0.230769231,0.2655,0.061269231,125,-41.05773016
h2o2,AS101,0.002966772,AS101,2.04,0.489210526,0.307692306,0.692307694,0.2019,0.139776923,125,2.653131225
h2o2,CO191,0.001493275,CO191,2.14,0.893793103,0.11111111,0.88888889,0.2379,0.211466667,125,0.882689538
h2o2,AS151,0.005270965,AS151,3.23,0.671658031,0.769230769,0.230769231,0.2655,0.061269231,125,10.75369542
dopa,QR42,-0.018710443,QR42,2.1,0.721875,0.111111111,0.888888889,0.2163,0.192266667,125,-12.16438302
dopa,QR28,-0.024564873,QR28,2.07,1.096708861,1,0,0.2796,0,125,#NAME?
dopa,QR187,-0.039606408,QR187,2.01,0.564657534,0,1,0.2463,0.2463,125,-20.10069439
h2o2,QR42,0.004905063,QR42,2.1,0.721875,0.111111111,0.888888889,0.2163,0.192266667,125,3.188971448
h2o2,QR28,0.007041139,QR28,2.07,1.096708861,1,0,0.2796,0,125,Inf
h2o2,QR187,0.004984177,QR187,2.01,0.564657534,0,1,0.2463,0.2463,125,2.529525586
dopa,CO188,0.015318434,CO188,2.29,1.214545455,-0.076923077,1.076923077,0.2124,0.228738461,125,8.371150985
dopa,QR92,-0.003283228,QR92,2.21,0.95516129,0,1,0.1928,0.1928,125,-2.12864876
dopa,QR4,-0.003599684,QR4,2.29,1.349090909,0,1,0.2651,0.2651,125,-1.697323437
h2o2,CO188,0.003184335,CO188,2.29,1.214545455,-0.076923077,1.076923077,0.2124,0.228738461,125,1.740161793
h2o2,QR92,0.001196598,QR92,2.21,0.95516129,0,1,0.1928,0.1928,125,0.775802711
h2o2,QR4,0.010116693,QR4,2.29,1.349090909,0,1,0.2651,0.2651,125,4.770224933
dopa,CO122,-0.025761472,CO122,2.11,0.549390244,0.117647058,0.882352942,0.216,0.190588235,125,-16.89602687
dopa,QR14,-0.027304193,QR14,2.13,0.50313253,-0.1,1.1,0.1898,0.20878,125,-16.34746685
dopa,AS106,-0.017029272,AS106,2.03,0.887466667,-0.142857142,1.142857142,0.8224,0.939885714,125,-2.264806228
h2o2,CO122,0.003233782,CO122,2.11,0.549390244,0.117647058,0.882352942,0.216,0.190588235,125,2.120921607
h2o2,QR14,-0.00403481,QR14,2.13,0.50313253,-0.1,1.1,0.1898,0.20878,125,-2.415706801
h2o2,AS106,0.002056962,AS106,2.03,0.887466667,-0.142857142,1.142857142,0.8224,0.939885714,125,0.273565445
dopa,AS129,0.010670491,AS129,2.07,1.068987342,0.111111112,0.888888888,0.1974,0.175466667,125,7.60150823
dopa,QR149,0.004469937,QR149,2.17,1.287640449,0.153846153,0.846153847,0.1982,0.167707692,125,3.331642586
dopa,AS6,0.003441456,AS6,2,0.133098592,0.125,0.875,0.2042,0.178675,125,2.407622566
h2o2,AS129,0.021311313,AS129,2.07,1.068987342,0.111111112,0.888888888,0.1974,0.175466667,125,15.18188159
h2o2,QR149,0.005102848,QR149,2.17,1.287640449,0.153846153,0.846153847,0.1982,0.167707692,125,3.803379589
h2o2,AS6,-0.010601266,AS6,2,0.133098592,0.125,0.875,0.2042,0.178675,125,-7.416584457
dopa,AS173,0.005033623,AS173,2.1,0.344878049,0.249999999,0.750000001,0.2774,0.20805,125,3.024287081
dopa,QR175,0.012292326,QR175,2,0.730285714,0.066666666,0.933333334,0.2267,0.211586667,125,7.261992286
dopa,AS46,-0.010443038,AS46,2.12,1.531084337,0.272727272,0.727272728,0.277,0.201454546,125,-6.479773094
h2o2,AS173,0.003105222,AS173,2.1,0.344878049,0.249999999,0.750000001,0.2774,0.20805,125,1.865670223
h2o2,QR175,-0.000454905,QR175,2,0.730285714,0.066666666,0.933333334,0.2267,0.211586667,125,-0.268746295
h2o2,AS46,0.005399525,AS46,2.12,1.531084337,0.272727272,0.727272728,0.277,0.201454546,125,3.350337225
dopa,QR193,0.010354035,QR193,2.1,1.338536585,0,1,0.1939,0.1939,125,6.674854829
dopa,CO83,0.009622231,CO83,2.12,1.214457831,0.2,0.8,0.2144,0.17152,125,7.012470129
dopa,QR185,-0.004974288,QR185,2.49,1.52,-0.090909091,1.090909091,0.2686,0.293018182,125,-2.122004828
h2o2,QR193,0.003471123,QR193,2.1,1.338536585,0,1,0.1939,0.1939,125,2.237702049
h2o2,CO83,0.002818434,CO83,2.12,1.214457831,0.2,0.8,0.2144,0.17152,125,2.054012319
h2o2,QR185,0.007397152,QR185,2.49,1.52,-0.090909091,1.090909091,0.2686,0.293018182,125,3.155585708
dopa,CO169,-0.021578323,CO169,2.56,1.0275,0.222222222,0.777777778,0.21,0.163333333,125,-16.51402257
dopa,AS191,-0.022695807,AS191,2.18,0.786666667,0.285714286,0.714285714,0.2067,0.147642857,125,-19.21512444
dopa,AS159,-0.047211234,AS159,2.07,0.681558442,0.142857143,0.857142857,0.2311,0.198085714,125,-29.79217508
h2o2,CO169,0.001671282,CO169,2.56,1.0275,0.222222222,0.777777778,0.21,0.163333333,125,1.279042078
h2o2,AS191,0.00090981,AS191,2.18,0.786666667,0.285714286,0.714285714,0.2067,0.147642857,125,0.770279498
h2o2,AS159,0.001048259,AS159,2.07,0.681558442,0.142857143,0.857142857,0.2311,0.198085714,125,0.661493623
dopa,CO170,-0.004331487,CO170,2.06,0.577307692,0.124999999,0.875000001,0.1947,0.1703625,125,-3.178140246
dopa,QR194,-0.020579509,QR194,2.01,2.170985915,0.111111111,0.888888889,0.2579,0.229244444,125,-11.22137855
dopa,AS155,-0.03893394,AS155,2.3,0.718431373,0,1,0.2148,0.2148,125,-22.65708792
h2o2,CO170,0.007535601,CO170,2.06,0.577307692,0.124999999,0.875000001,0.1947,0.1703625,125,5.529093305
h2o2,QR194,-0.004084256,QR194,2.01,2.170985915,0.111111111,0.888888889,0.2579,0.229244444,125,-2.227020347
h2o2,AS155,0.000988924,AS155,2.3,0.718431373,0,1,0.2148,0.2148,125,0.575491184
dopa,QR22,0.021400316,QR22,2.01,1.882222222,0,1,0.2239,0.2239,125,11.94747457
dopa,CO104,0.00690269,CO104,2.18,1.521777778,0.066666667,0.933333333,0.2953,0.275613333,125,3.130604114
dopa,QR150,-0.004094146,QR150,2.09,0.875925926,-0.083333333,1.083333333,0.2092,0.226633333,125,-2.258132947
h2o2,QR22,0.005063291,QR22,2.01,1.882222222,0,1,0.2239,0.2239,125,2.826759234
h2o2,CO104,-0.003748022,CO104,2.18,1.521777778,0.066666667,0.933333333,0.2953,0.275613333,125,-1.699855242
h2o2,QR150,0.002126187,QR150,2.09,0.875925926,-0.083333333,1.083333333,0.2092,0.226633333,125,1.172701893
dopa,QR23,-0.019887263,QR23,2.06,0.655696203,0,1,0.2002,0.2002,125,-12.41712204
dopa,CO139,-0.026068038,CO139,2.12,1.364146341,0.083333333,0.916666667,0.1796,0.164633333,125,-19.79249698
dopa,QR171,-0.020589399,QR171,2.26,1.006701031,0.181818182,0.818181818,0.2053,0.167972727,125,-15.32198047
h2o2,QR23,0.005913766,QR23,2.06,0.655696203,0,1,0.2002,0.2002,125,3.692411228
h2o2,CO139,0.002798655,CO139,2.12,1.364146341,0.083333333,0.916666667,0.1796,0.164633333,125,2.124915268
h2o2,QR171,0.010472706,QR171,2.26,1.006701031,0.181818182,0.818181818,0.2053,0.167972727,125,7.793456922
dopa,AS201,-0.031319225,AS201,2.81,1.318421053,-0.230769231,1.230769231,0.2568,0.316061538,125,-12.38652166
dopa,AS103,-0.028955696,AS103,2.02,0.392876712,0.400000001,0.599999999,0.2464,0.14784,125,-24.48229184
dopa,AS182,-0.051335047,AS182,2.01,-0.293835616,0.111111108,0.888888892,0.2467,0.21928889,125,-29.26222543
h2o2,AS201,5.93E-05,AS201,2.81,1.318421053,-0.230769231,1.230769231,0.2568,0.316061538,125,0.023466729
h2o2,AS103,-0.018423655,AS103,2.02,0.392876712,0.400000001,0.599999999,0.2464,0.14784,125,-15.57735987
h2o2,AS182,0.008188291,AS182,2.01,-0.293835616,0.111111108,0.888888892,0.2467,0.21928889,125,4.667525073
dopa,AS113,0.017899525,AS113,2.08,0.788961039,-0.166666666,1.166666666,0.2483,0.289683333,125,7.723746621
h2o2,AS113,0.005448972,AS113,2.08,0.788961039,-0.166666666,1.166666666,0.2483,0.289683333,125,2.351262093
